-- phpMyAdmin SQL Dump
-- version 5.2.0
-- https://www.phpmyadmin.net/
--
-- Host: 127.0.0.1
-- Generation Time: Mar 28, 2024 at 05:07 AM
-- Server version: 10.4.24-MariaDB
-- PHP Version: 8.1.6

SET SQL_MODE = "NO_AUTO_VALUE_ON_ZERO";
START TRANSACTION;
SET time_zone = "+00:00";


/*!40101 SET @OLD_CHARACTER_SET_CLIENT=@@CHARACTER_SET_CLIENT */;
/*!40101 SET @OLD_CHARACTER_SET_RESULTS=@@CHARACTER_SET_RESULTS */;
/*!40101 SET @OLD_COLLATION_CONNECTION=@@COLLATION_CONNECTION */;
/*!40101 SET NAMES utf8mb4 */;

--
-- Database: `tryorder`
--

-- --------------------------------------------------------

--
-- Table structure for table `admins`
--

CREATE TABLE `admins` (
  `id` bigint(20) UNSIGNED NOT NULL,
  `name` varchar(255) COLLATE utf8mb4_unicode_ci NOT NULL,
  `email` varchar(255) COLLATE utf8mb4_unicode_ci NOT NULL,
  `phone` varchar(255) COLLATE utf8mb4_unicode_ci NOT NULL,
  `email_verified_at` timestamp NULL DEFAULT NULL,
  `password` varchar(255) COLLATE utf8mb4_unicode_ci NOT NULL,
  `image` varchar(255) COLLATE utf8mb4_unicode_ci DEFAULT NULL,
  `remember_token` varchar(100) COLLATE utf8mb4_unicode_ci DEFAULT NULL,
  `created_at` timestamp NULL DEFAULT NULL,
  `updated_at` timestamp NULL DEFAULT NULL
) ENGINE=InnoDB DEFAULT CHARSET=utf8mb4 COLLATE=utf8mb4_unicode_ci;

-- --------------------------------------------------------

--
-- Table structure for table `categories`
--

CREATE TABLE `categories` (
  `id` bigint(20) UNSIGNED NOT NULL,
  `name` varchar(255) COLLATE utf8mb4_unicode_ci NOT NULL,
  `created_at` timestamp NULL DEFAULT NULL,
  `updated_at` timestamp NULL DEFAULT NULL
) ENGINE=InnoDB DEFAULT CHARSET=utf8mb4 COLLATE=utf8mb4_unicode_ci;

--
-- Dumping data for table `categories`
--

INSERT INTO `categories` (`id`, `name`, `created_at`, `updated_at`) VALUES
(1, 'Electronics', '2024-03-28 01:32:45', '2024-03-28 01:32:45');

-- --------------------------------------------------------

--
-- Table structure for table `customers`
--

CREATE TABLE `customers` (
  `id` bigint(20) UNSIGNED NOT NULL,
  `name` varchar(255) COLLATE utf8mb4_unicode_ci NOT NULL,
  `email` varchar(255) COLLATE utf8mb4_unicode_ci NOT NULL,
  `email_verified_at` timestamp NULL DEFAULT NULL,
  `password` varchar(255) COLLATE utf8mb4_unicode_ci DEFAULT NULL,
  `remember_token` varchar(100) COLLATE utf8mb4_unicode_ci DEFAULT NULL,
  `created_at` timestamp NULL DEFAULT NULL,
  `updated_at` timestamp NULL DEFAULT NULL
) ENGINE=InnoDB DEFAULT CHARSET=utf8mb4 COLLATE=utf8mb4_unicode_ci;

--
-- Dumping data for table `customers`
--

INSERT INTO `customers` (`id`, `name`, `email`, `email_verified_at`, `password`, `remember_token`, `created_at`, `updated_at`) VALUES
(1, 'customer_1', 'customer_1@gmail.com', '2024-03-28 01:32:44', '$2y$10$UbmVsBB3S2gPEKEP/Kr/9.ZxFAbiUk7T.AMxma2v/YIF0dDAodZYe', NULL, '2024-03-28 01:32:44', '2024-03-28 01:32:44'),
(2, 'customer_2', 'customer_2@gmail.com', '2024-03-28 01:32:44', '$2y$10$xSbBb5Oj.cId8RS4Xjhf3ezT9RX2Pi4JAI7pCl54C9i2zJBwN57hC', NULL, '2024-03-28 01:32:44', '2024-03-28 01:32:44'),
(3, 'customer_3', 'customer_3@gmail.com', '2024-03-28 01:32:44', '$2y$10$A0wX4.4Va1FxeDFWn.xRh.K1uDP6AUQmsBbUvGbZmBSFk11s9bCea', NULL, '2024-03-28 01:32:44', '2024-03-28 01:32:44'),
(4, 'customer_4', 'customer_4@gmail.com', '2024-03-28 01:32:44', '$2y$10$.hMvj8.JvBJsTWtpUkkZAeA6FI6QSV0KrzvsvwHi0e5G0NR1ibZBy', NULL, '2024-03-28 01:32:44', '2024-03-28 01:32:44'),
(5, 'customer_5', 'customer_5@gmail.com', '2024-03-28 01:32:45', '$2y$10$P.T9ktTgVx8CxcxpEkfc4OTo6mLwqP7qPwOs.vrLtIT1ah8o0B4ri', NULL, '2024-03-28 01:32:45', '2024-03-28 01:32:45'),
(6, 'customer_6', 'customer_6@gmail.com', '2024-03-28 01:32:45', '$2y$10$90fpqVEdU1Z5tYGgGa9fTuEocqWlkpkYBF06A9ZY4b.zapsJk5l82', NULL, '2024-03-28 01:32:45', '2024-03-28 01:32:45'),
(7, 'customer_7', 'customer_7@gmail.com', '2024-03-28 01:32:45', '$2y$10$u.lxJgT6txcQceZf5d4qSeXyQLo52pPoUChjt6Hmj7A9.EPlsQHXm', NULL, '2024-03-28 01:32:45', '2024-03-28 01:32:45'),
(8, 'customer_8', 'customer_8@gmail.com', '2024-03-28 01:32:45', '$2y$10$y9bkE7mHBefbCa5Uzo3pzOX2.G3gZjmZq2J0mvyaTr3S2Tvr24VJa', NULL, '2024-03-28 01:32:45', '2024-03-28 01:32:45'),
(9, 'customer_9', 'customer_9@gmail.com', '2024-03-28 01:32:45', '$2y$10$pm97IdVjx4rWTySytSWmp.16OryuLxZcR3pWhuTTowo7/X2yC7Jsu', NULL, '2024-03-28 01:32:45', '2024-03-28 01:32:45'),
(10, 'customer_10', 'customer_10@gmail.com', '2024-03-28 01:32:45', '$2y$10$2JkNAAKRmhbil6UXLHkxye42VVqvwKimQDLZrMmNs2/34H36JWtnm', NULL, '2024-03-28 01:32:45', '2024-03-28 01:32:45');

-- --------------------------------------------------------

--
-- Table structure for table `failed_jobs`
--

CREATE TABLE `failed_jobs` (
  `id` bigint(20) UNSIGNED NOT NULL,
  `uuid` varchar(255) COLLATE utf8mb4_unicode_ci NOT NULL,
  `connection` text COLLATE utf8mb4_unicode_ci NOT NULL,
  `queue` text COLLATE utf8mb4_unicode_ci NOT NULL,
  `payload` longtext COLLATE utf8mb4_unicode_ci NOT NULL,
  `exception` longtext COLLATE utf8mb4_unicode_ci NOT NULL,
  `failed_at` timestamp NOT NULL DEFAULT current_timestamp()
) ENGINE=InnoDB DEFAULT CHARSET=utf8mb4 COLLATE=utf8mb4_unicode_ci;

-- --------------------------------------------------------

--
-- Table structure for table `migrations`
--

CREATE TABLE `migrations` (
  `id` int(10) UNSIGNED NOT NULL,
  `migration` varchar(255) COLLATE utf8mb4_unicode_ci NOT NULL,
  `batch` int(11) NOT NULL
) ENGINE=InnoDB DEFAULT CHARSET=utf8mb4 COLLATE=utf8mb4_unicode_ci;

--
-- Dumping data for table `migrations`
--

INSERT INTO `migrations` (`id`, `migration`, `batch`) VALUES
(1, '2014_10_12_000000_create_users_table', 1),
(2, '2014_10_12_100000_create_password_resets_table', 1),
(3, '2019_08_19_000000_create_failed_jobs_table', 1),
(4, '2019_12_14_000001_create_personal_access_tokens_table', 1),
(5, '2023_07_09_120647_create_user_password_rest', 1),
(6, '2023_11_16_152604_create_admins_table', 1),
(7, '2024_03_27_022310_create_categories_table', 1),
(8, '2024_03_27_022310_create_customers_table', 1),
(9, '2024_03_27_022311_create_products_table', 1),
(10, '2024_03_27_224329_create_orders_table', 1),
(11, '2024_03_27_225215_create_purchases_table', 1),
(12, '2024_03_27_231304_create_ratings_table', 1),
(13, '2024_03_27_235746_create_order_items_table', 1);

-- --------------------------------------------------------

--
-- Table structure for table `orders`
--

CREATE TABLE `orders` (
  `id` bigint(20) UNSIGNED NOT NULL,
  `user_id` bigint(20) UNSIGNED DEFAULT NULL,
  `customer_id` bigint(20) UNSIGNED DEFAULT NULL,
  `created_at` timestamp NULL DEFAULT NULL,
  `updated_at` timestamp NULL DEFAULT NULL
) ENGINE=InnoDB DEFAULT CHARSET=utf8mb4 COLLATE=utf8mb4_unicode_ci;

--
-- Dumping data for table `orders`
--

INSERT INTO `orders` (`id`, `user_id`, `customer_id`, `created_at`, `updated_at`) VALUES
(1, 1, 7, '2024-01-27 22:00:00', '2024-01-27 22:00:00'),
(2, 1, 4, '2024-01-28 22:00:00', '2024-01-28 22:00:00'),
(3, 1, 3, '2024-01-29 22:00:00', '2024-01-29 22:00:00'),
(4, 1, 1, '2024-01-30 22:00:00', '2024-01-30 22:00:00'),
(5, 1, 2, '2024-01-31 22:00:00', '2024-01-31 22:00:00'),
(6, 1, 6, '2024-02-01 22:00:00', '2024-02-01 22:00:00'),
(7, 1, 4, '2024-02-02 22:00:00', '2024-02-02 22:00:00'),
(8, 1, 7, '2024-02-03 22:00:00', '2024-02-03 22:00:00'),
(9, 1, 3, '2024-02-04 22:00:00', '2024-02-04 22:00:00'),
(10, 1, 10, '2024-02-05 22:00:00', '2024-02-05 22:00:00'),
(11, 1, 4, '2024-02-06 22:00:00', '2024-02-06 22:00:00'),
(12, 1, 9, '2024-02-07 22:00:00', '2024-02-07 22:00:00'),
(13, 1, 10, '2024-02-08 22:00:00', '2024-02-08 22:00:00'),
(14, 1, 4, '2024-02-09 22:00:00', '2024-02-09 22:00:00'),
(15, 1, 5, '2024-02-10 22:00:00', '2024-02-10 22:00:00'),
(16, 1, 2, '2024-02-11 22:00:00', '2024-02-11 22:00:00'),
(17, 1, 1, '2024-02-12 22:00:00', '2024-02-12 22:00:00'),
(18, 1, 2, '2024-02-13 22:00:00', '2024-02-13 22:00:00'),
(19, 1, 1, '2024-02-14 22:00:00', '2024-02-14 22:00:00'),
(20, 1, 10, '2024-02-15 22:00:00', '2024-02-15 22:00:00'),
(21, 1, 6, '2024-02-16 22:00:00', '2024-02-16 22:00:00'),
(22, 1, 6, '2024-02-17 22:00:00', '2024-02-17 22:00:00'),
(23, 1, 3, '2024-02-18 22:00:00', '2024-02-18 22:00:00'),
(24, 1, 2, '2024-02-19 22:00:00', '2024-02-19 22:00:00'),
(25, 1, 9, '2024-02-20 22:00:00', '2024-02-20 22:00:00'),
(26, 1, 7, '2024-02-21 22:00:00', '2024-02-21 22:00:00'),
(27, 1, 4, '2024-02-22 22:00:00', '2024-02-22 22:00:00'),
(28, 1, 8, '2024-02-23 22:00:00', '2024-02-23 22:00:00'),
(29, 1, 1, '2024-02-24 22:00:00', '2024-02-24 22:00:00'),
(30, 1, 7, '2024-02-25 22:00:00', '2024-02-25 22:00:00'),
(31, 1, 4, '2024-02-26 22:00:00', '2024-02-26 22:00:00'),
(32, 1, 5, '2024-02-27 22:00:00', '2024-02-27 22:00:00'),
(33, 1, 5, '2024-02-28 22:00:00', '2024-02-28 22:00:00'),
(34, 1, 3, '2024-02-29 22:00:00', '2024-02-29 22:00:00'),
(35, 1, 9, '2024-03-01 22:00:00', '2024-03-01 22:00:00'),
(36, 1, 1, '2024-03-02 22:00:00', '2024-03-02 22:00:00'),
(37, 1, 4, '2024-03-03 22:00:00', '2024-03-03 22:00:00'),
(38, 1, 4, '2024-03-04 22:00:00', '2024-03-04 22:00:00'),
(39, 1, 3, '2024-03-05 22:00:00', '2024-03-05 22:00:00'),
(40, 1, 7, '2024-03-06 22:00:00', '2024-03-06 22:00:00'),
(41, 1, 3, '2024-03-07 22:00:00', '2024-03-07 22:00:00'),
(42, 1, 10, '2024-03-08 22:00:00', '2024-03-08 22:00:00'),
(43, 1, 8, '2024-03-09 22:00:00', '2024-03-09 22:00:00'),
(44, 1, 5, '2024-03-10 22:00:00', '2024-03-10 22:00:00'),
(45, 1, 10, '2024-03-11 22:00:00', '2024-03-11 22:00:00'),
(46, 1, 5, '2024-03-12 22:00:00', '2024-03-12 22:00:00'),
(47, 1, 5, '2024-03-13 22:00:00', '2024-03-13 22:00:00'),
(48, 1, 5, '2024-03-14 22:00:00', '2024-03-14 22:00:00'),
(49, 1, 6, '2024-03-15 22:00:00', '2024-03-15 22:00:00'),
(50, 1, 1, '2024-03-16 22:00:00', '2024-03-16 22:00:00'),
(51, 1, 5, '2024-03-17 22:00:00', '2024-03-17 22:00:00'),
(52, 1, 2, '2024-03-18 22:00:00', '2024-03-18 22:00:00'),
(53, 1, 9, '2024-03-19 22:00:00', '2024-03-19 22:00:00'),
(54, 1, 3, '2024-03-20 22:00:00', '2024-03-20 22:00:00'),
(55, 1, 6, '2024-03-21 22:00:00', '2024-03-21 22:00:00'),
(56, 1, 6, '2024-03-22 22:00:00', '2024-03-22 22:00:00'),
(57, 1, 4, '2024-03-23 22:00:00', '2024-03-23 22:00:00'),
(58, 1, 7, '2024-03-24 22:00:00', '2024-03-24 22:00:00'),
(59, 1, 10, '2024-03-25 22:00:00', '2024-03-25 22:00:00'),
(60, 1, 8, '2024-03-26 22:00:00', '2024-03-26 22:00:00'),
(61, 1, 6, '2024-03-27 22:00:00', '2024-03-27 22:00:00'),
(62, 1, 2, '2024-01-27 22:00:00', '2024-01-27 22:00:00'),
(63, 1, 6, '2024-01-28 22:00:00', '2024-01-28 22:00:00'),
(64, 1, 8, '2024-01-29 22:00:00', '2024-01-29 22:00:00'),
(65, 1, 8, '2024-01-30 22:00:00', '2024-01-30 22:00:00'),
(66, 1, 4, '2024-01-31 22:00:00', '2024-01-31 22:00:00'),
(67, 1, 3, '2024-02-01 22:00:00', '2024-02-01 22:00:00'),
(68, 1, 6, '2024-02-02 22:00:00', '2024-02-02 22:00:00'),
(69, 1, 10, '2024-02-03 22:00:00', '2024-02-03 22:00:00'),
(70, 1, 9, '2024-02-04 22:00:00', '2024-02-04 22:00:00'),
(71, 1, 1, '2024-02-05 22:00:00', '2024-02-05 22:00:00'),
(72, 1, 3, '2024-02-06 22:00:00', '2024-02-06 22:00:00'),
(73, 1, 7, '2024-02-07 22:00:00', '2024-02-07 22:00:00'),
(74, 1, 1, '2024-02-08 22:00:00', '2024-02-08 22:00:00'),
(75, 1, 2, '2024-02-09 22:00:00', '2024-02-09 22:00:00'),
(76, 1, 2, '2024-02-10 22:00:00', '2024-02-10 22:00:00'),
(77, 1, 3, '2024-02-11 22:00:00', '2024-02-11 22:00:00'),
(78, 1, 5, '2024-02-12 22:00:00', '2024-02-12 22:00:00'),
(79, 1, 6, '2024-02-13 22:00:00', '2024-02-13 22:00:00'),
(80, 1, 7, '2024-02-14 22:00:00', '2024-02-14 22:00:00'),
(81, 1, 9, '2024-02-15 22:00:00', '2024-02-15 22:00:00'),
(82, 1, 3, '2024-02-16 22:00:00', '2024-02-16 22:00:00'),
(83, 1, 1, '2024-02-17 22:00:00', '2024-02-17 22:00:00'),
(84, 1, 3, '2024-02-18 22:00:00', '2024-02-18 22:00:00'),
(85, 1, 5, '2024-02-19 22:00:00', '2024-02-19 22:00:00'),
(86, 1, 9, '2024-02-20 22:00:00', '2024-02-20 22:00:00'),
(87, 1, 2, '2024-02-21 22:00:00', '2024-02-21 22:00:00'),
(88, 1, 5, '2024-02-22 22:00:00', '2024-02-22 22:00:00'),
(89, 1, 6, '2024-02-23 22:00:00', '2024-02-23 22:00:00'),
(90, 1, 9, '2024-02-24 22:00:00', '2024-02-24 22:00:00'),
(91, 1, 5, '2024-02-25 22:00:00', '2024-02-25 22:00:00'),
(92, 1, 10, '2024-02-26 22:00:00', '2024-02-26 22:00:00'),
(93, 1, 4, '2024-02-27 22:00:00', '2024-02-27 22:00:00'),
(94, 1, 8, '2024-02-28 22:00:00', '2024-02-28 22:00:00'),
(95, 1, 5, '2024-02-29 22:00:00', '2024-02-29 22:00:00'),
(96, 1, 9, '2024-03-01 22:00:00', '2024-03-01 22:00:00'),
(97, 1, 1, '2024-03-02 22:00:00', '2024-03-02 22:00:00'),
(98, 1, 5, '2024-03-03 22:00:00', '2024-03-03 22:00:00'),
(99, 1, 1, '2024-03-04 22:00:00', '2024-03-04 22:00:00'),
(100, 1, 3, '2024-03-05 22:00:00', '2024-03-05 22:00:00'),
(101, 1, 1, '2024-03-06 22:00:00', '2024-03-06 22:00:00'),
(102, 1, 10, '2024-03-07 22:00:00', '2024-03-07 22:00:00'),
(103, 1, 3, '2024-03-08 22:00:00', '2024-03-08 22:00:00'),
(104, 1, 8, '2024-03-09 22:00:00', '2024-03-09 22:00:00'),
(105, 1, 8, '2024-03-10 22:00:00', '2024-03-10 22:00:00'),
(106, 1, 10, '2024-03-11 22:00:00', '2024-03-11 22:00:00'),
(107, 1, 5, '2024-03-12 22:00:00', '2024-03-12 22:00:00'),
(108, 1, 10, '2024-03-13 22:00:00', '2024-03-13 22:00:00'),
(109, 1, 3, '2024-03-14 22:00:00', '2024-03-14 22:00:00'),
(110, 1, 1, '2024-03-15 22:00:00', '2024-03-15 22:00:00'),
(111, 1, 1, '2024-03-16 22:00:00', '2024-03-16 22:00:00'),
(112, 1, 3, '2024-03-17 22:00:00', '2024-03-17 22:00:00'),
(113, 1, 8, '2024-03-18 22:00:00', '2024-03-18 22:00:00'),
(114, 1, 9, '2024-03-19 22:00:00', '2024-03-19 22:00:00'),
(115, 1, 1, '2024-03-20 22:00:00', '2024-03-20 22:00:00'),
(116, 1, 5, '2024-03-21 22:00:00', '2024-03-21 22:00:00'),
(117, 1, 6, '2024-03-22 22:00:00', '2024-03-22 22:00:00'),
(118, 1, 7, '2024-03-23 22:00:00', '2024-03-23 22:00:00'),
(119, 1, 6, '2024-03-24 22:00:00', '2024-03-24 22:00:00'),
(120, 1, 9, '2024-03-25 22:00:00', '2024-03-25 22:00:00'),
(121, 1, 8, '2024-03-26 22:00:00', '2024-03-26 22:00:00'),
(122, 1, 6, '2024-03-27 22:00:00', '2024-03-27 22:00:00');

-- --------------------------------------------------------

--
-- Table structure for table `order_items`
--

CREATE TABLE `order_items` (
  `id` bigint(20) UNSIGNED NOT NULL,
  `order_id` bigint(20) UNSIGNED DEFAULT NULL,
  `product_id` bigint(20) UNSIGNED DEFAULT NULL,
  `qty` int(11) NOT NULL DEFAULT 1,
  `amount` bigint(20) NOT NULL,
  `created_at` timestamp NULL DEFAULT NULL,
  `updated_at` timestamp NULL DEFAULT NULL
) ENGINE=InnoDB DEFAULT CHARSET=utf8mb4 COLLATE=utf8mb4_unicode_ci;

--
-- Dumping data for table `order_items`
--

INSERT INTO `order_items` (`id`, `order_id`, `product_id`, `qty`, `amount`, `created_at`, `updated_at`) VALUES
(1, 1, 28, 2, 10, '2024-03-28 01:32:49', '2024-03-28 01:32:49'),
(2, 1, 3, 9, 10, '2024-03-28 01:32:49', '2024-03-28 01:32:49'),
(3, 2, 4, 5, 10, '2024-03-28 01:32:49', '2024-03-28 01:32:49'),
(4, 2, 24, 10, 10, '2024-03-28 01:32:49', '2024-03-28 01:32:49'),
(5, 2, 10, 1, 10, '2024-03-28 01:32:50', '2024-03-28 01:32:50'),
(6, 2, 14, 4, 10, '2024-03-28 01:32:50', '2024-03-28 01:32:50'),
(7, 3, 8, 2, 10, '2024-03-28 01:32:50', '2024-03-28 01:32:50'),
(8, 3, 4, 9, 10, '2024-03-28 01:32:50', '2024-03-28 01:32:50'),
(9, 3, 26, 2, 10, '2024-03-28 01:32:50', '2024-03-28 01:32:50'),
(10, 3, 20, 7, 10, '2024-03-28 01:32:50', '2024-03-28 01:32:50'),
(11, 4, 27, 5, 10, '2024-03-28 01:32:51', '2024-03-28 01:32:51'),
(12, 4, 22, 3, 10, '2024-03-28 01:32:51', '2024-03-28 01:32:51'),
(13, 4, 25, 6, 10, '2024-03-28 01:32:51', '2024-03-28 01:32:51'),
(14, 4, 17, 8, 10, '2024-03-28 01:32:51', '2024-03-28 01:32:51'),
(15, 5, 4, 4, 10, '2024-03-28 01:32:51', '2024-03-28 01:32:51'),
(16, 6, 9, 5, 10, '2024-03-28 01:32:52', '2024-03-28 01:32:52'),
(17, 6, 12, 3, 10, '2024-03-28 01:32:52', '2024-03-28 01:32:52'),
(18, 6, 20, 4, 10, '2024-03-28 01:32:52', '2024-03-28 01:32:52'),
(19, 7, 5, 4, 10, '2024-03-28 01:32:52', '2024-03-28 01:32:52'),
(20, 7, 4, 5, 10, '2024-03-28 01:32:52', '2024-03-28 01:32:52'),
(21, 8, 14, 6, 10, '2024-03-28 01:32:52', '2024-03-28 01:32:52'),
(22, 8, 23, 2, 10, '2024-03-28 01:32:52', '2024-03-28 01:32:52'),
(23, 8, 3, 3, 10, '2024-03-28 01:32:53', '2024-03-28 01:32:53'),
(24, 8, 1, 7, 10, '2024-03-28 01:32:53', '2024-03-28 01:32:53'),
(25, 9, 1, 8, 10, '2024-03-28 01:32:53', '2024-03-28 01:32:53'),
(26, 9, 14, 5, 10, '2024-03-28 01:32:53', '2024-03-28 01:32:53'),
(27, 9, 2, 3, 10, '2024-03-28 01:32:53', '2024-03-28 01:32:53'),
(28, 9, 4, 4, 10, '2024-03-28 01:32:53', '2024-03-28 01:32:53'),
(29, 10, 23, 3, 10, '2024-03-28 01:32:55', '2024-03-28 01:32:55'),
(30, 11, 17, 5, 10, '2024-03-28 01:32:55', '2024-03-28 01:32:55'),
(31, 12, 30, 10, 10, '2024-03-28 01:32:55', '2024-03-28 01:32:55'),
(32, 12, 6, 6, 10, '2024-03-28 01:32:55', '2024-03-28 01:32:55'),
(33, 12, 20, 2, 10, '2024-03-28 01:32:56', '2024-03-28 01:32:56'),
(34, 12, 8, 9, 10, '2024-03-28 01:32:56', '2024-03-28 01:32:56'),
(35, 12, 13, 4, 10, '2024-03-28 01:32:56', '2024-03-28 01:32:56'),
(36, 13, 19, 6, 10, '2024-03-28 01:32:56', '2024-03-28 01:32:56'),
(37, 13, 1, 9, 10, '2024-03-28 01:32:56', '2024-03-28 01:32:56'),
(38, 13, 11, 5, 10, '2024-03-28 01:32:56', '2024-03-28 01:32:56'),
(39, 14, 19, 2, 10, '2024-03-28 01:32:56', '2024-03-28 01:32:56'),
(40, 14, 13, 3, 10, '2024-03-28 01:32:56', '2024-03-28 01:32:56'),
(41, 14, 12, 10, 10, '2024-03-28 01:32:56', '2024-03-28 01:32:56'),
(42, 14, 27, 6, 10, '2024-03-28 01:32:57', '2024-03-28 01:32:57'),
(43, 14, 15, 8, 10, '2024-03-28 01:32:57', '2024-03-28 01:32:57'),
(44, 15, 4, 9, 10, '2024-03-28 01:32:57', '2024-03-28 01:32:57'),
(45, 15, 11, 2, 10, '2024-03-28 01:32:57', '2024-03-28 01:32:57'),
(46, 15, 27, 3, 10, '2024-03-28 01:32:57', '2024-03-28 01:32:57'),
(47, 15, 1, 8, 10, '2024-03-28 01:32:57', '2024-03-28 01:32:57'),
(48, 15, 5, 8, 10, '2024-03-28 01:32:57', '2024-03-28 01:32:57'),
(49, 16, 14, 8, 10, '2024-03-28 01:32:57', '2024-03-28 01:32:57'),
(50, 16, 29, 10, 10, '2024-03-28 01:32:58', '2024-03-28 01:32:58'),
(51, 16, 5, 6, 10, '2024-03-28 01:32:58', '2024-03-28 01:32:58'),
(52, 17, 13, 9, 10, '2024-03-28 01:32:58', '2024-03-28 01:32:58'),
(53, 17, 2, 9, 10, '2024-03-28 01:32:58', '2024-03-28 01:32:58'),
(54, 17, 14, 6, 10, '2024-03-28 01:32:58', '2024-03-28 01:32:58'),
(55, 17, 28, 8, 10, '2024-03-28 01:32:58', '2024-03-28 01:32:58'),
(56, 18, 11, 4, 10, '2024-03-28 01:32:59', '2024-03-28 01:32:59'),
(57, 19, 6, 10, 10, '2024-03-28 01:32:59', '2024-03-28 01:32:59'),
(58, 19, 26, 9, 10, '2024-03-28 01:32:59', '2024-03-28 01:32:59'),
(59, 19, 8, 4, 10, '2024-03-28 01:32:59', '2024-03-28 01:32:59'),
(60, 20, 14, 3, 10, '2024-03-28 01:33:00', '2024-03-28 01:33:00'),
(61, 20, 24, 4, 10, '2024-03-28 01:33:00', '2024-03-28 01:33:00'),
(62, 21, 29, 1, 10, '2024-03-28 01:33:00', '2024-03-28 01:33:00'),
(63, 22, 11, 6, 10, '2024-03-28 01:33:00', '2024-03-28 01:33:00'),
(64, 22, 26, 10, 10, '2024-03-28 01:33:00', '2024-03-28 01:33:00'),
(65, 22, 19, 3, 10, '2024-03-28 01:33:01', '2024-03-28 01:33:01'),
(66, 22, 17, 7, 10, '2024-03-28 01:33:01', '2024-03-28 01:33:01'),
(67, 22, 11, 5, 10, '2024-03-28 01:33:02', '2024-03-28 01:33:02'),
(68, 23, 23, 6, 10, '2024-03-28 01:33:02', '2024-03-28 01:33:02'),
(69, 23, 30, 5, 10, '2024-03-28 01:33:02', '2024-03-28 01:33:02'),
(70, 23, 12, 8, 10, '2024-03-28 01:33:02', '2024-03-28 01:33:02'),
(71, 23, 28, 6, 10, '2024-03-28 01:33:02', '2024-03-28 01:33:02'),
(72, 24, 21, 2, 10, '2024-03-28 01:33:03', '2024-03-28 01:33:03'),
(73, 25, 3, 4, 10, '2024-03-28 01:33:03', '2024-03-28 01:33:03'),
(74, 25, 18, 1, 10, '2024-03-28 01:33:03', '2024-03-28 01:33:03'),
(75, 26, 19, 7, 10, '2024-03-28 01:33:04', '2024-03-28 01:33:04'),
(76, 26, 18, 3, 10, '2024-03-28 01:33:04', '2024-03-28 01:33:04'),
(77, 27, 14, 6, 10, '2024-03-28 01:33:05', '2024-03-28 01:33:05'),
(78, 28, 8, 4, 10, '2024-03-28 01:33:05', '2024-03-28 01:33:05'),
(79, 29, 16, 3, 10, '2024-03-28 01:33:05', '2024-03-28 01:33:05'),
(80, 29, 20, 8, 10, '2024-03-28 01:33:05', '2024-03-28 01:33:05'),
(81, 29, 16, 8, 10, '2024-03-28 01:33:05', '2024-03-28 01:33:05'),
(82, 29, 23, 3, 10, '2024-03-28 01:33:06', '2024-03-28 01:33:06'),
(83, 30, 20, 9, 10, '2024-03-28 01:33:06', '2024-03-28 01:33:06'),
(84, 30, 15, 1, 10, '2024-03-28 01:33:06', '2024-03-28 01:33:06'),
(85, 30, 26, 5, 10, '2024-03-28 01:33:06', '2024-03-28 01:33:06'),
(86, 30, 30, 2, 10, '2024-03-28 01:33:06', '2024-03-28 01:33:06'),
(87, 31, 6, 10, 10, '2024-03-28 01:33:07', '2024-03-28 01:33:07'),
(88, 32, 5, 7, 10, '2024-03-28 01:33:07', '2024-03-28 01:33:07'),
(89, 32, 22, 7, 10, '2024-03-28 01:33:07', '2024-03-28 01:33:07'),
(90, 32, 27, 3, 10, '2024-03-28 01:33:07', '2024-03-28 01:33:07'),
(91, 32, 15, 5, 10, '2024-03-28 01:33:08', '2024-03-28 01:33:08'),
(92, 33, 4, 5, 10, '2024-03-28 01:33:08', '2024-03-28 01:33:08'),
(93, 33, 16, 10, 10, '2024-03-28 01:33:08', '2024-03-28 01:33:08'),
(94, 33, 17, 5, 10, '2024-03-28 01:33:09', '2024-03-28 01:33:09'),
(95, 34, 22, 3, 10, '2024-03-28 01:33:09', '2024-03-28 01:33:09'),
(96, 34, 19, 7, 10, '2024-03-28 01:33:09', '2024-03-28 01:33:09'),
(97, 34, 1, 8, 10, '2024-03-28 01:33:10', '2024-03-28 01:33:10'),
(98, 35, 10, 8, 10, '2024-03-28 01:33:10', '2024-03-28 01:33:10'),
(99, 35, 14, 9, 10, '2024-03-28 01:33:10', '2024-03-28 01:33:10'),
(100, 35, 17, 2, 10, '2024-03-28 01:33:10', '2024-03-28 01:33:10'),
(101, 35, 25, 4, 10, '2024-03-28 01:33:10', '2024-03-28 01:33:10'),
(102, 36, 30, 9, 10, '2024-03-28 01:33:10', '2024-03-28 01:33:10'),
(103, 36, 20, 3, 10, '2024-03-28 01:33:11', '2024-03-28 01:33:11'),
(104, 36, 19, 7, 10, '2024-03-28 01:33:11', '2024-03-28 01:33:11'),
(105, 36, 25, 4, 10, '2024-03-28 01:33:11', '2024-03-28 01:33:11'),
(106, 37, 5, 9, 10, '2024-03-28 01:33:11', '2024-03-28 01:33:11'),
(107, 37, 26, 9, 10, '2024-03-28 01:33:11', '2024-03-28 01:33:11'),
(108, 37, 23, 9, 10, '2024-03-28 01:33:12', '2024-03-28 01:33:12'),
(109, 37, 24, 3, 10, '2024-03-28 01:33:12', '2024-03-28 01:33:12'),
(110, 37, 15, 4, 10, '2024-03-28 01:33:12', '2024-03-28 01:33:12'),
(111, 38, 30, 8, 10, '2024-03-28 01:33:12', '2024-03-28 01:33:12'),
(112, 38, 2, 2, 10, '2024-03-28 01:33:13', '2024-03-28 01:33:13'),
(113, 38, 8, 9, 10, '2024-03-28 01:33:13', '2024-03-28 01:33:13'),
(114, 38, 5, 9, 10, '2024-03-28 01:33:13', '2024-03-28 01:33:13'),
(115, 39, 11, 10, 10, '2024-03-28 01:33:13', '2024-03-28 01:33:13'),
(116, 39, 6, 3, 10, '2024-03-28 01:33:13', '2024-03-28 01:33:13'),
(117, 39, 14, 6, 10, '2024-03-28 01:33:13', '2024-03-28 01:33:13'),
(118, 39, 25, 2, 10, '2024-03-28 01:33:14', '2024-03-28 01:33:14'),
(119, 39, 26, 9, 10, '2024-03-28 01:33:14', '2024-03-28 01:33:14'),
(120, 40, 7, 7, 10, '2024-03-28 01:33:14', '2024-03-28 01:33:14'),
(121, 41, 1, 10, 10, '2024-03-28 01:33:15', '2024-03-28 01:33:15'),
(122, 41, 3, 2, 10, '2024-03-28 01:33:15', '2024-03-28 01:33:15'),
(123, 41, 12, 4, 10, '2024-03-28 01:33:15', '2024-03-28 01:33:15'),
(124, 41, 23, 7, 10, '2024-03-28 01:33:15', '2024-03-28 01:33:15'),
(125, 42, 22, 7, 10, '2024-03-28 01:33:15', '2024-03-28 01:33:15'),
(126, 42, 21, 9, 10, '2024-03-28 01:33:15', '2024-03-28 01:33:15'),
(127, 42, 27, 7, 10, '2024-03-28 01:33:15', '2024-03-28 01:33:15'),
(128, 42, 13, 5, 10, '2024-03-28 01:33:16', '2024-03-28 01:33:16'),
(129, 42, 7, 6, 10, '2024-03-28 01:33:16', '2024-03-28 01:33:16'),
(130, 43, 2, 6, 10, '2024-03-28 01:33:16', '2024-03-28 01:33:16'),
(131, 43, 28, 6, 10, '2024-03-28 01:33:16', '2024-03-28 01:33:16'),
(132, 43, 25, 4, 10, '2024-03-28 01:33:16', '2024-03-28 01:33:16'),
(133, 44, 9, 5, 10, '2024-03-28 01:33:17', '2024-03-28 01:33:17'),
(134, 44, 1, 9, 10, '2024-03-28 01:33:17', '2024-03-28 01:33:17'),
(135, 44, 21, 4, 10, '2024-03-28 01:33:17', '2024-03-28 01:33:17'),
(136, 45, 16, 2, 10, '2024-03-28 01:33:17', '2024-03-28 01:33:17'),
(137, 45, 22, 1, 10, '2024-03-28 01:33:17', '2024-03-28 01:33:17'),
(138, 45, 9, 9, 10, '2024-03-28 01:33:18', '2024-03-28 01:33:18'),
(139, 45, 22, 3, 10, '2024-03-28 01:33:18', '2024-03-28 01:33:18'),
(140, 46, 17, 2, 10, '2024-03-28 01:33:18', '2024-03-28 01:33:18'),
(141, 46, 9, 4, 10, '2024-03-28 01:33:18', '2024-03-28 01:33:18'),
(142, 46, 17, 2, 10, '2024-03-28 01:33:18', '2024-03-28 01:33:18'),
(143, 46, 16, 10, 10, '2024-03-28 01:33:19', '2024-03-28 01:33:19'),
(144, 46, 10, 3, 10, '2024-03-28 01:33:19', '2024-03-28 01:33:19'),
(145, 47, 8, 9, 10, '2024-03-28 01:33:19', '2024-03-28 01:33:19'),
(146, 47, 30, 2, 10, '2024-03-28 01:33:19', '2024-03-28 01:33:19'),
(147, 47, 27, 6, 10, '2024-03-28 01:33:19', '2024-03-28 01:33:19'),
(148, 48, 19, 3, 10, '2024-03-28 01:33:20', '2024-03-28 01:33:20'),
(149, 48, 13, 9, 10, '2024-03-28 01:33:20', '2024-03-28 01:33:20'),
(150, 48, 9, 8, 10, '2024-03-28 01:33:20', '2024-03-28 01:33:20'),
(151, 49, 5, 5, 10, '2024-03-28 01:33:20', '2024-03-28 01:33:20'),
(152, 49, 16, 5, 10, '2024-03-28 01:33:20', '2024-03-28 01:33:20'),
(153, 49, 17, 5, 10, '2024-03-28 01:33:21', '2024-03-28 01:33:21'),
(154, 49, 30, 4, 10, '2024-03-28 01:33:21', '2024-03-28 01:33:21'),
(155, 49, 23, 8, 10, '2024-03-28 01:33:21', '2024-03-28 01:33:21'),
(156, 50, 4, 3, 10, '2024-03-28 01:33:21', '2024-03-28 01:33:21'),
(157, 50, 6, 8, 10, '2024-03-28 01:33:21', '2024-03-28 01:33:21'),
(158, 50, 5, 9, 10, '2024-03-28 01:33:21', '2024-03-28 01:33:21'),
(159, 51, 12, 2, 10, '2024-03-28 01:33:22', '2024-03-28 01:33:22'),
(160, 51, 17, 6, 10, '2024-03-28 01:33:22', '2024-03-28 01:33:22'),
(161, 51, 2, 10, 10, '2024-03-28 01:33:22', '2024-03-28 01:33:22'),
(162, 52, 1, 1, 10, '2024-03-28 01:33:22', '2024-03-28 01:33:22'),
(163, 52, 18, 2, 10, '2024-03-28 01:33:22', '2024-03-28 01:33:22'),
(164, 53, 21, 3, 10, '2024-03-28 01:33:23', '2024-03-28 01:33:23'),
(165, 53, 6, 9, 10, '2024-03-28 01:33:23', '2024-03-28 01:33:23'),
(166, 53, 9, 10, 10, '2024-03-28 01:33:23', '2024-03-28 01:33:23'),
(167, 54, 1, 10, 10, '2024-03-28 01:33:23', '2024-03-28 01:33:23'),
(168, 55, 23, 6, 10, '2024-03-28 01:33:24', '2024-03-28 01:33:24'),
(169, 55, 29, 5, 10, '2024-03-28 01:33:24', '2024-03-28 01:33:24'),
(170, 56, 6, 5, 10, '2024-03-28 01:33:24', '2024-03-28 01:33:24'),
(171, 56, 23, 9, 10, '2024-03-28 01:33:24', '2024-03-28 01:33:24'),
(172, 57, 25, 7, 10, '2024-03-28 01:33:25', '2024-03-28 01:33:25'),
(173, 57, 24, 8, 10, '2024-03-28 01:33:25', '2024-03-28 01:33:25'),
(174, 57, 2, 5, 10, '2024-03-28 01:33:25', '2024-03-28 01:33:25'),
(175, 57, 4, 2, 10, '2024-03-28 01:33:25', '2024-03-28 01:33:25'),
(176, 57, 6, 3, 10, '2024-03-28 01:33:25', '2024-03-28 01:33:25'),
(177, 58, 13, 5, 10, '2024-03-28 01:33:25', '2024-03-28 01:33:25'),
(178, 59, 24, 6, 10, '2024-03-28 01:33:26', '2024-03-28 01:33:26'),
(179, 59, 4, 5, 10, '2024-03-28 01:33:26', '2024-03-28 01:33:26'),
(180, 60, 18, 5, 10, '2024-03-28 01:33:26', '2024-03-28 01:33:26'),
(181, 60, 1, 3, 10, '2024-03-28 01:33:27', '2024-03-28 01:33:27'),
(182, 60, 23, 2, 10, '2024-03-28 01:33:27', '2024-03-28 01:33:27'),
(183, 61, 3, 4, 10, '2024-03-28 01:33:27', '2024-03-28 01:33:27'),
(184, 61, 8, 6, 10, '2024-03-28 01:33:27', '2024-03-28 01:33:27'),
(185, 61, 29, 9, 10, '2024-03-28 01:33:28', '2024-03-28 01:33:28'),
(186, 61, 1, 3, 10, '2024-03-28 01:33:28', '2024-03-28 01:33:28'),
(187, 61, 15, 10, 10, '2024-03-28 01:33:28', '2024-03-28 01:33:28'),
(188, 62, 21, 1, 10, '2024-03-28 01:33:28', '2024-03-28 01:33:28'),
(189, 62, 21, 9, 10, '2024-03-28 01:33:28', '2024-03-28 01:33:28'),
(190, 62, 26, 10, 10, '2024-03-28 01:33:29', '2024-03-28 01:33:29'),
(191, 63, 15, 8, 10, '2024-03-28 01:33:29', '2024-03-28 01:33:29'),
(192, 64, 19, 5, 10, '2024-03-28 01:33:29', '2024-03-28 01:33:29'),
(193, 65, 21, 6, 10, '2024-03-28 01:33:30', '2024-03-28 01:33:30'),
(194, 65, 29, 5, 10, '2024-03-28 01:33:30', '2024-03-28 01:33:30'),
(195, 65, 15, 8, 10, '2024-03-28 01:33:30', '2024-03-28 01:33:30'),
(196, 65, 25, 10, 10, '2024-03-28 01:33:30', '2024-03-28 01:33:30'),
(197, 65, 2, 10, 10, '2024-03-28 01:33:30', '2024-03-28 01:33:30'),
(198, 66, 11, 1, 10, '2024-03-28 01:33:31', '2024-03-28 01:33:31'),
(199, 66, 29, 8, 10, '2024-03-28 01:33:31', '2024-03-28 01:33:31'),
(200, 66, 3, 4, 10, '2024-03-28 01:33:31', '2024-03-28 01:33:31'),
(201, 66, 20, 2, 10, '2024-03-28 01:33:31', '2024-03-28 01:33:31'),
(202, 66, 6, 5, 10, '2024-03-28 01:33:31', '2024-03-28 01:33:31'),
(203, 67, 5, 8, 10, '2024-03-28 01:33:32', '2024-03-28 01:33:32'),
(204, 67, 15, 4, 10, '2024-03-28 01:33:32', '2024-03-28 01:33:32'),
(205, 67, 24, 9, 10, '2024-03-28 01:33:32', '2024-03-28 01:33:32'),
(206, 68, 20, 7, 10, '2024-03-28 01:33:32', '2024-03-28 01:33:32'),
(207, 68, 16, 10, 10, '2024-03-28 01:33:32', '2024-03-28 01:33:32'),
(208, 68, 16, 3, 10, '2024-03-28 01:33:33', '2024-03-28 01:33:33'),
(209, 68, 27, 9, 10, '2024-03-28 01:33:33', '2024-03-28 01:33:33'),
(210, 68, 12, 2, 10, '2024-03-28 01:33:33', '2024-03-28 01:33:33'),
(211, 69, 30, 5, 10, '2024-03-28 01:33:33', '2024-03-28 01:33:33'),
(212, 69, 16, 4, 10, '2024-03-28 01:33:34', '2024-03-28 01:33:34'),
(213, 70, 19, 6, 10, '2024-03-28 01:33:34', '2024-03-28 01:33:34'),
(214, 70, 18, 9, 10, '2024-03-28 01:33:34', '2024-03-28 01:33:34'),
(215, 71, 13, 7, 10, '2024-03-28 01:33:35', '2024-03-28 01:33:35'),
(216, 71, 2, 2, 10, '2024-03-28 01:33:35', '2024-03-28 01:33:35'),
(217, 71, 13, 3, 10, '2024-03-28 01:33:35', '2024-03-28 01:33:35'),
(218, 71, 25, 7, 10, '2024-03-28 01:33:35', '2024-03-28 01:33:35'),
(219, 72, 6, 6, 10, '2024-03-28 01:33:35', '2024-03-28 01:33:35'),
(220, 72, 24, 7, 10, '2024-03-28 01:33:35', '2024-03-28 01:33:35'),
(221, 73, 14, 10, 10, '2024-03-28 01:33:36', '2024-03-28 01:33:36'),
(222, 73, 22, 2, 10, '2024-03-28 01:33:36', '2024-03-28 01:33:36'),
(223, 73, 8, 4, 10, '2024-03-28 01:33:36', '2024-03-28 01:33:36'),
(224, 73, 28, 9, 10, '2024-03-28 01:33:36', '2024-03-28 01:33:36'),
(225, 74, 18, 9, 10, '2024-03-28 01:33:36', '2024-03-28 01:33:36'),
(226, 74, 26, 6, 10, '2024-03-28 01:33:37', '2024-03-28 01:33:37'),
(227, 74, 24, 1, 10, '2024-03-28 01:33:37', '2024-03-28 01:33:37'),
(228, 74, 5, 2, 10, '2024-03-28 01:33:37', '2024-03-28 01:33:37'),
(229, 74, 6, 5, 10, '2024-03-28 01:33:37', '2024-03-28 01:33:37'),
(230, 75, 21, 3, 10, '2024-03-28 01:33:37', '2024-03-28 01:33:37'),
(231, 75, 3, 4, 10, '2024-03-28 01:33:38', '2024-03-28 01:33:38'),
(232, 75, 9, 5, 10, '2024-03-28 01:33:38', '2024-03-28 01:33:38'),
(233, 75, 21, 7, 10, '2024-03-28 01:33:38', '2024-03-28 01:33:38'),
(234, 76, 17, 3, 10, '2024-03-28 01:33:38', '2024-03-28 01:33:38'),
(235, 76, 19, 6, 10, '2024-03-28 01:33:38', '2024-03-28 01:33:38'),
(236, 76, 13, 3, 10, '2024-03-28 01:33:39', '2024-03-28 01:33:39'),
(237, 76, 20, 10, 10, '2024-03-28 01:33:39', '2024-03-28 01:33:39'),
(238, 76, 17, 3, 10, '2024-03-28 01:33:39', '2024-03-28 01:33:39'),
(239, 77, 22, 1, 10, '2024-03-28 01:33:39', '2024-03-28 01:33:39'),
(240, 77, 29, 1, 10, '2024-03-28 01:33:39', '2024-03-28 01:33:39'),
(241, 77, 16, 8, 10, '2024-03-28 01:33:39', '2024-03-28 01:33:39'),
(242, 78, 18, 9, 10, '2024-03-28 01:33:40', '2024-03-28 01:33:40'),
(243, 78, 14, 4, 10, '2024-03-28 01:33:40', '2024-03-28 01:33:40'),
(244, 79, 15, 2, 10, '2024-03-28 01:33:40', '2024-03-28 01:33:40'),
(245, 79, 28, 4, 10, '2024-03-28 01:33:40', '2024-03-28 01:33:40'),
(246, 79, 6, 7, 10, '2024-03-28 01:33:40', '2024-03-28 01:33:40'),
(247, 80, 23, 9, 10, '2024-03-28 01:33:41', '2024-03-28 01:33:41'),
(248, 81, 28, 4, 10, '2024-03-28 01:33:41', '2024-03-28 01:33:41'),
(249, 81, 17, 3, 10, '2024-03-28 01:33:41', '2024-03-28 01:33:41'),
(250, 82, 8, 4, 10, '2024-03-28 01:33:42', '2024-03-28 01:33:42'),
(251, 82, 26, 3, 10, '2024-03-28 01:33:42', '2024-03-28 01:33:42'),
(252, 82, 16, 3, 10, '2024-03-28 01:33:42', '2024-03-28 01:33:42'),
(253, 83, 13, 3, 10, '2024-03-28 01:33:42', '2024-03-28 01:33:42'),
(254, 84, 3, 8, 10, '2024-03-28 01:33:43', '2024-03-28 01:33:43'),
(255, 84, 23, 3, 10, '2024-03-28 01:33:43', '2024-03-28 01:33:43'),
(256, 84, 5, 6, 10, '2024-03-28 01:33:43', '2024-03-28 01:33:43'),
(257, 85, 8, 9, 10, '2024-03-28 01:33:44', '2024-03-28 01:33:44'),
(258, 85, 18, 9, 10, '2024-03-28 01:33:44', '2024-03-28 01:33:44'),
(259, 85, 14, 7, 10, '2024-03-28 01:33:44', '2024-03-28 01:33:44'),
(260, 85, 1, 4, 10, '2024-03-28 01:33:44', '2024-03-28 01:33:44'),
(261, 86, 17, 7, 10, '2024-03-28 01:33:45', '2024-03-28 01:33:45'),
(262, 87, 9, 6, 10, '2024-03-28 01:33:45', '2024-03-28 01:33:45'),
(263, 87, 7, 4, 10, '2024-03-28 01:33:45', '2024-03-28 01:33:45'),
(264, 87, 10, 10, 10, '2024-03-28 01:33:45', '2024-03-28 01:33:45'),
(265, 88, 9, 5, 10, '2024-03-28 01:33:45', '2024-03-28 01:33:45'),
(266, 88, 26, 7, 10, '2024-03-28 01:33:46', '2024-03-28 01:33:46'),
(267, 88, 25, 5, 10, '2024-03-28 01:33:46', '2024-03-28 01:33:46'),
(268, 88, 2, 5, 10, '2024-03-28 01:33:46', '2024-03-28 01:33:46'),
(269, 88, 11, 5, 10, '2024-03-28 01:33:46', '2024-03-28 01:33:46'),
(270, 89, 7, 6, 10, '2024-03-28 01:33:46', '2024-03-28 01:33:46'),
(271, 89, 16, 10, 10, '2024-03-28 01:33:46', '2024-03-28 01:33:46'),
(272, 89, 16, 7, 10, '2024-03-28 01:33:46', '2024-03-28 01:33:46'),
(273, 89, 10, 7, 10, '2024-03-28 01:33:47', '2024-03-28 01:33:47'),
(274, 90, 29, 9, 10, '2024-03-28 01:33:47', '2024-03-28 01:33:47'),
(275, 91, 1, 6, 10, '2024-03-28 01:33:47', '2024-03-28 01:33:47'),
(276, 91, 27, 5, 10, '2024-03-28 01:33:47', '2024-03-28 01:33:47'),
(277, 91, 7, 5, 10, '2024-03-28 01:33:47', '2024-03-28 01:33:47'),
(278, 91, 29, 7, 10, '2024-03-28 01:33:47', '2024-03-28 01:33:47'),
(279, 92, 15, 10, 10, '2024-03-28 01:33:48', '2024-03-28 01:33:48'),
(280, 92, 10, 10, 10, '2024-03-28 01:33:48', '2024-03-28 01:33:48'),
(281, 92, 10, 6, 10, '2024-03-28 01:33:48', '2024-03-28 01:33:48'),
(282, 93, 8, 9, 10, '2024-03-28 01:33:48', '2024-03-28 01:33:48'),
(283, 93, 21, 2, 10, '2024-03-28 01:33:49', '2024-03-28 01:33:49'),
(284, 93, 24, 5, 10, '2024-03-28 01:33:49', '2024-03-28 01:33:49'),
(285, 93, 28, 7, 10, '2024-03-28 01:33:49', '2024-03-28 01:33:49'),
(286, 94, 22, 2, 10, '2024-03-28 01:33:49', '2024-03-28 01:33:49'),
(287, 95, 24, 7, 10, '2024-03-28 01:33:50', '2024-03-28 01:33:50'),
(288, 95, 4, 2, 10, '2024-03-28 01:33:50', '2024-03-28 01:33:50'),
(289, 95, 9, 9, 10, '2024-03-28 01:33:50', '2024-03-28 01:33:50'),
(290, 95, 5, 1, 10, '2024-03-28 01:33:50', '2024-03-28 01:33:50'),
(291, 95, 5, 1, 10, '2024-03-28 01:33:51', '2024-03-28 01:33:51'),
(292, 96, 9, 3, 10, '2024-03-28 01:33:51', '2024-03-28 01:33:51'),
(293, 96, 20, 1, 10, '2024-03-28 01:33:51', '2024-03-28 01:33:51'),
(294, 96, 21, 8, 10, '2024-03-28 01:33:51', '2024-03-28 01:33:51'),
(295, 96, 18, 1, 10, '2024-03-28 01:33:51', '2024-03-28 01:33:51'),
(296, 96, 3, 5, 10, '2024-03-28 01:33:51', '2024-03-28 01:33:51'),
(297, 97, 26, 9, 10, '2024-03-28 01:33:52', '2024-03-28 01:33:52'),
(298, 97, 6, 1, 10, '2024-03-28 01:33:52', '2024-03-28 01:33:52'),
(299, 98, 5, 2, 10, '2024-03-28 01:33:52', '2024-03-28 01:33:52'),
(300, 98, 8, 9, 10, '2024-03-28 01:33:52', '2024-03-28 01:33:52'),
(301, 99, 24, 2, 10, '2024-03-28 01:33:52', '2024-03-28 01:33:52'),
(302, 99, 14, 2, 10, '2024-03-28 01:33:52', '2024-03-28 01:33:52'),
(303, 99, 5, 3, 10, '2024-03-28 01:33:52', '2024-03-28 01:33:52'),
(304, 100, 24, 5, 10, '2024-03-28 01:33:53', '2024-03-28 01:33:53'),
(305, 100, 29, 9, 10, '2024-03-28 01:33:53', '2024-03-28 01:33:53'),
(306, 101, 18, 7, 10, '2024-03-28 01:33:53', '2024-03-28 01:33:53'),
(307, 101, 2, 8, 10, '2024-03-28 01:33:53', '2024-03-28 01:33:53'),
(308, 102, 26, 2, 10, '2024-03-28 01:33:54', '2024-03-28 01:33:54'),
(309, 102, 16, 2, 10, '2024-03-28 01:33:54', '2024-03-28 01:33:54'),
(310, 102, 12, 6, 10, '2024-03-28 01:33:54', '2024-03-28 01:33:54'),
(311, 102, 17, 4, 10, '2024-03-28 01:33:54', '2024-03-28 01:33:54'),
(312, 102, 12, 7, 10, '2024-03-28 01:33:54', '2024-03-28 01:33:54'),
(313, 103, 3, 4, 10, '2024-03-28 01:33:54', '2024-03-28 01:33:54'),
(314, 103, 12, 7, 10, '2024-03-28 01:33:55', '2024-03-28 01:33:55'),
(315, 103, 7, 2, 10, '2024-03-28 01:33:55', '2024-03-28 01:33:55'),
(316, 103, 14, 1, 10, '2024-03-28 01:33:55', '2024-03-28 01:33:55'),
(317, 103, 5, 6, 10, '2024-03-28 01:33:55', '2024-03-28 01:33:55'),
(318, 104, 2, 6, 10, '2024-03-28 01:33:56', '2024-03-28 01:33:56'),
(319, 104, 1, 10, 10, '2024-03-28 01:33:56', '2024-03-28 01:33:56'),
(320, 104, 30, 1, 10, '2024-03-28 01:33:56', '2024-03-28 01:33:56'),
(321, 105, 24, 1, 10, '2024-03-28 01:33:56', '2024-03-28 01:33:56'),
(322, 105, 10, 5, 10, '2024-03-28 01:33:57', '2024-03-28 01:33:57'),
(323, 106, 19, 5, 10, '2024-03-28 01:33:57', '2024-03-28 01:33:57'),
(324, 106, 26, 2, 10, '2024-03-28 01:33:57', '2024-03-28 01:33:57'),
(325, 106, 5, 7, 10, '2024-03-28 01:33:57', '2024-03-28 01:33:57'),
(326, 107, 9, 8, 10, '2024-03-28 01:33:57', '2024-03-28 01:33:57'),
(327, 108, 20, 1, 10, '2024-03-28 01:33:58', '2024-03-28 01:33:58'),
(328, 108, 30, 6, 10, '2024-03-28 01:33:58', '2024-03-28 01:33:58'),
(329, 108, 28, 4, 10, '2024-03-28 01:33:58', '2024-03-28 01:33:58'),
(330, 108, 4, 6, 10, '2024-03-28 01:33:58', '2024-03-28 01:33:58'),
(331, 109, 23, 6, 10, '2024-03-28 01:33:58', '2024-03-28 01:33:58'),
(332, 109, 15, 2, 10, '2024-03-28 01:33:59', '2024-03-28 01:33:59'),
(333, 109, 30, 3, 10, '2024-03-28 01:33:59', '2024-03-28 01:33:59'),
(334, 109, 6, 4, 10, '2024-03-28 01:33:59', '2024-03-28 01:33:59'),
(335, 110, 3, 7, 10, '2024-03-28 01:33:59', '2024-03-28 01:33:59'),
(336, 110, 28, 5, 10, '2024-03-28 01:33:59', '2024-03-28 01:33:59'),
(337, 110, 24, 7, 10, '2024-03-28 01:34:00', '2024-03-28 01:34:00'),
(338, 111, 23, 1, 10, '2024-03-28 01:34:00', '2024-03-28 01:34:00'),
(339, 111, 10, 8, 10, '2024-03-28 01:34:00', '2024-03-28 01:34:00'),
(340, 112, 3, 4, 10, '2024-03-28 01:34:01', '2024-03-28 01:34:01'),
(341, 112, 16, 7, 10, '2024-03-28 01:34:01', '2024-03-28 01:34:01'),
(342, 112, 16, 10, 10, '2024-03-28 01:34:01', '2024-03-28 01:34:01'),
(343, 112, 25, 9, 10, '2024-03-28 01:34:01', '2024-03-28 01:34:01'),
(344, 113, 16, 10, 10, '2024-03-28 01:34:01', '2024-03-28 01:34:01'),
(345, 113, 26, 3, 10, '2024-03-28 01:34:01', '2024-03-28 01:34:01'),
(346, 113, 29, 9, 10, '2024-03-28 01:34:02', '2024-03-28 01:34:02'),
(347, 113, 9, 3, 10, '2024-03-28 01:34:02', '2024-03-28 01:34:02'),
(348, 114, 1, 6, 10, '2024-03-28 01:34:02', '2024-03-28 01:34:02'),
(349, 114, 9, 8, 10, '2024-03-28 01:34:02', '2024-03-28 01:34:02'),
(350, 114, 10, 4, 10, '2024-03-28 01:34:02', '2024-03-28 01:34:02'),
(351, 114, 28, 6, 10, '2024-03-28 01:34:02', '2024-03-28 01:34:02'),
(352, 115, 9, 7, 10, '2024-03-28 01:34:03', '2024-03-28 01:34:03'),
(353, 115, 27, 1, 10, '2024-03-28 01:34:03', '2024-03-28 01:34:03'),
(354, 115, 21, 8, 10, '2024-03-28 01:34:03', '2024-03-28 01:34:03'),
(355, 116, 7, 2, 10, '2024-03-28 01:34:03', '2024-03-28 01:34:03'),
(356, 116, 26, 10, 10, '2024-03-28 01:34:03', '2024-03-28 01:34:03'),
(357, 116, 5, 4, 10, '2024-03-28 01:34:04', '2024-03-28 01:34:04'),
(358, 116, 19, 9, 10, '2024-03-28 01:34:04', '2024-03-28 01:34:04'),
(359, 117, 25, 5, 10, '2024-03-28 01:34:04', '2024-03-28 01:34:04'),
(360, 117, 28, 2, 10, '2024-03-28 01:34:05', '2024-03-28 01:34:05'),
(361, 117, 29, 3, 10, '2024-03-28 01:34:05', '2024-03-28 01:34:05'),
(362, 118, 7, 10, 10, '2024-03-28 01:34:05', '2024-03-28 01:34:05'),
(363, 118, 11, 1, 10, '2024-03-28 01:34:05', '2024-03-28 01:34:05'),
(364, 118, 23, 1, 10, '2024-03-28 01:34:05', '2024-03-28 01:34:05'),
(365, 119, 1, 2, 10, '2024-03-28 01:34:06', '2024-03-28 01:34:06'),
(366, 119, 4, 4, 10, '2024-03-28 01:34:06', '2024-03-28 01:34:06'),
(367, 119, 21, 7, 10, '2024-03-28 01:34:06', '2024-03-28 01:34:06'),
(368, 119, 16, 1, 10, '2024-03-28 01:34:06', '2024-03-28 01:34:06'),
(369, 119, 28, 3, 10, '2024-03-28 01:34:06', '2024-03-28 01:34:06'),
(370, 120, 28, 7, 10, '2024-03-28 01:34:06', '2024-03-28 01:34:06'),
(371, 120, 17, 9, 10, '2024-03-28 01:34:06', '2024-03-28 01:34:06'),
(372, 121, 1, 9, 10, '2024-03-28 01:34:07', '2024-03-28 01:34:07'),
(373, 122, 27, 2, 10, '2024-03-28 01:34:07', '2024-03-28 01:34:07'),
(374, 122, 15, 6, 10, '2024-03-28 01:34:07', '2024-03-28 01:34:07'),
(375, 122, 2, 3, 10, '2024-03-28 01:34:08', '2024-03-28 01:34:08'),
(376, 122, 24, 6, 10, '2024-03-28 01:34:08', '2024-03-28 01:34:08');

-- --------------------------------------------------------

--
-- Table structure for table `password_resets`
--

CREATE TABLE `password_resets` (
  `id` bigint(20) UNSIGNED NOT NULL,
  `email` varchar(255) COLLATE utf8mb4_unicode_ci NOT NULL,
  `token` varchar(255) COLLATE utf8mb4_unicode_ci NOT NULL,
  `created_at` timestamp NULL DEFAULT NULL
) ENGINE=InnoDB DEFAULT CHARSET=utf8mb4 COLLATE=utf8mb4_unicode_ci;

-- --------------------------------------------------------

--
-- Table structure for table `personal_access_tokens`
--

CREATE TABLE `personal_access_tokens` (
  `id` bigint(20) UNSIGNED NOT NULL,
  `tokenable_type` varchar(255) COLLATE utf8mb4_unicode_ci NOT NULL,
  `tokenable_id` bigint(20) UNSIGNED NOT NULL,
  `name` varchar(255) COLLATE utf8mb4_unicode_ci NOT NULL,
  `token` varchar(64) COLLATE utf8mb4_unicode_ci NOT NULL,
  `abilities` text COLLATE utf8mb4_unicode_ci DEFAULT NULL,
  `last_used_at` timestamp NULL DEFAULT NULL,
  `created_at` timestamp NULL DEFAULT NULL,
  `updated_at` timestamp NULL DEFAULT NULL
) ENGINE=InnoDB DEFAULT CHARSET=utf8mb4 COLLATE=utf8mb4_unicode_ci;

-- --------------------------------------------------------

--
-- Table structure for table `products`
--

CREATE TABLE `products` (
  `id` bigint(20) UNSIGNED NOT NULL,
  `title` varchar(255) COLLATE utf8mb4_unicode_ci NOT NULL,
  `user_id` bigint(20) UNSIGNED DEFAULT NULL,
  `category_id` bigint(20) UNSIGNED DEFAULT NULL,
  `body` text COLLATE utf8mb4_unicode_ci DEFAULT NULL,
  `image` varchar(255) COLLATE utf8mb4_unicode_ci DEFAULT NULL,
  `created_at` timestamp NULL DEFAULT NULL,
  `updated_at` timestamp NULL DEFAULT NULL
) ENGINE=InnoDB DEFAULT CHARSET=utf8mb4 COLLATE=utf8mb4_unicode_ci;

--
-- Dumping data for table `products`
--

INSERT INTO `products` (`id`, `title`, `user_id`, `category_id`, `body`, `image`, `created_at`, `updated_at`) VALUES
(1, 'Product_title_1', 1, 1, 'Product_body_1', NULL, '2024-03-28 01:32:45', '2024-03-28 01:32:45'),
(2, 'Product_title_2', 1, 1, 'Product_body_2', NULL, '2024-03-28 01:32:46', '2024-03-28 01:32:46'),
(3, 'Product_title_3', 1, 1, 'Product_body_3', NULL, '2024-03-28 01:32:46', '2024-03-28 01:32:46'),
(4, 'Product_title_4', 1, 1, 'Product_body_4', NULL, '2024-03-28 01:32:46', '2024-03-28 01:32:46'),
(5, 'Product_title_5', 1, 1, 'Product_body_5', NULL, '2024-03-28 01:32:46', '2024-03-28 01:32:46'),
(6, 'Product_title_6', 1, 1, 'Product_body_6', NULL, '2024-03-28 01:32:46', '2024-03-28 01:32:46'),
(7, 'Product_title_7', 1, 1, 'Product_body_7', NULL, '2024-03-28 01:32:46', '2024-03-28 01:32:46'),
(8, 'Product_title_8', 1, 1, 'Product_body_8', NULL, '2024-03-28 01:32:46', '2024-03-28 01:32:46'),
(9, 'Product_title_9', 1, 1, 'Product_body_9', NULL, '2024-03-28 01:32:46', '2024-03-28 01:32:46'),
(10, 'Product_title_10', 1, 1, 'Product_body_10', NULL, '2024-03-28 01:32:46', '2024-03-28 01:32:46'),
(11, 'Product_title_11', 1, 1, 'Product_body_11', NULL, '2024-03-28 01:32:47', '2024-03-28 01:32:47'),
(12, 'Product_title_12', 1, 1, 'Product_body_12', NULL, '2024-03-28 01:32:47', '2024-03-28 01:32:47'),
(13, 'Product_title_13', 1, 1, 'Product_body_13', NULL, '2024-03-28 01:32:47', '2024-03-28 01:32:47'),
(14, 'Product_title_14', 1, 1, 'Product_body_14', NULL, '2024-03-28 01:32:47', '2024-03-28 01:32:47'),
(15, 'Product_title_15', 1, 1, 'Product_body_15', NULL, '2024-03-28 01:32:47', '2024-03-28 01:32:47'),
(16, 'Product_title_16', 1, 1, 'Product_body_16', NULL, '2024-03-28 01:32:47', '2024-03-28 01:32:47'),
(17, 'Product_title_17', 1, 1, 'Product_body_17', NULL, '2024-03-28 01:32:47', '2024-03-28 01:32:47'),
(18, 'Product_title_18', 1, 1, 'Product_body_18', NULL, '2024-03-28 01:32:47', '2024-03-28 01:32:47'),
(19, 'Product_title_19', 1, 1, 'Product_body_19', NULL, '2024-03-28 01:32:47', '2024-03-28 01:32:47'),
(20, 'Product_title_20', 1, 1, 'Product_body_20', NULL, '2024-03-28 01:32:47', '2024-03-28 01:32:47'),
(21, 'Product_title_21', 1, 1, 'Product_body_21', NULL, '2024-03-28 01:32:47', '2024-03-28 01:32:47'),
(22, 'Product_title_22', 1, 1, 'Product_body_22', NULL, '2024-03-28 01:32:48', '2024-03-28 01:32:48'),
(23, 'Product_title_23', 1, 1, 'Product_body_23', NULL, '2024-03-28 01:32:48', '2024-03-28 01:32:48'),
(24, 'Product_title_24', 1, 1, 'Product_body_24', NULL, '2024-03-28 01:32:48', '2024-03-28 01:32:48'),
(25, 'Product_title_25', 1, 1, 'Product_body_25', NULL, '2024-03-28 01:32:48', '2024-03-28 01:32:48'),
(26, 'Product_title_26', 1, 1, 'Product_body_26', NULL, '2024-03-28 01:32:48', '2024-03-28 01:32:48'),
(27, 'Product_title_27', 1, 1, 'Product_body_27', NULL, '2024-03-28 01:32:48', '2024-03-28 01:32:48'),
(28, 'Product_title_28', 1, 1, 'Product_body_28', NULL, '2024-03-28 01:32:48', '2024-03-28 01:32:48'),
(29, 'Product_title_29', 1, 1, 'Product_body_29', NULL, '2024-03-28 01:32:48', '2024-03-28 01:32:48'),
(30, 'Product_title_30', 1, 1, 'Product_body_30', NULL, '2024-03-28 01:32:48', '2024-03-28 01:32:48');

-- --------------------------------------------------------

--
-- Table structure for table `purchases`
--

CREATE TABLE `purchases` (
  `id` bigint(20) UNSIGNED NOT NULL,
  `customer_id` bigint(20) UNSIGNED DEFAULT NULL,
  `order_id` bigint(20) UNSIGNED DEFAULT NULL,
  `amount` bigint(20) NOT NULL,
  `created_at` timestamp NULL DEFAULT NULL,
  `updated_at` timestamp NULL DEFAULT NULL
) ENGINE=InnoDB DEFAULT CHARSET=utf8mb4 COLLATE=utf8mb4_unicode_ci;

--
-- Dumping data for table `purchases`
--

INSERT INTO `purchases` (`id`, `customer_id`, `order_id`, `amount`, `created_at`, `updated_at`) VALUES
(1, 7, 1, 100, '2024-01-27 22:00:00', '2024-01-27 22:00:00'),
(2, 4, 2, 100, '2024-01-28 22:00:00', '2024-01-28 22:00:00'),
(3, 3, 3, 100, '2024-01-29 22:00:00', '2024-01-29 22:00:00'),
(4, 1, 4, 100, '2024-01-30 22:00:00', '2024-01-30 22:00:00'),
(5, 2, 5, 100, '2024-01-31 22:00:00', '2024-01-31 22:00:00'),
(6, 6, 6, 100, '2024-02-01 22:00:00', '2024-02-01 22:00:00'),
(7, 4, 7, 100, '2024-02-02 22:00:00', '2024-02-02 22:00:00'),
(8, 7, 8, 100, '2024-02-03 22:00:00', '2024-02-03 22:00:00'),
(9, 3, 9, 100, '2024-02-04 22:00:00', '2024-02-04 22:00:00'),
(10, 10, 10, 100, '2024-02-05 22:00:00', '2024-02-05 22:00:00'),
(11, 4, 11, 100, '2024-02-06 22:00:00', '2024-02-06 22:00:00'),
(12, 9, 12, 100, '2024-02-07 22:00:00', '2024-02-07 22:00:00'),
(13, 10, 13, 100, '2024-02-08 22:00:00', '2024-02-08 22:00:00'),
(14, 4, 14, 100, '2024-02-09 22:00:00', '2024-02-09 22:00:00'),
(15, 5, 15, 100, '2024-02-10 22:00:00', '2024-02-10 22:00:00'),
(16, 2, 16, 100, '2024-02-11 22:00:00', '2024-02-11 22:00:00'),
(17, 1, 17, 100, '2024-02-12 22:00:00', '2024-02-12 22:00:00'),
(18, 2, 18, 100, '2024-02-13 22:00:00', '2024-02-13 22:00:00'),
(19, 1, 19, 100, '2024-02-14 22:00:00', '2024-02-14 22:00:00'),
(20, 10, 20, 100, '2024-02-15 22:00:00', '2024-02-15 22:00:00'),
(21, 6, 21, 100, '2024-02-16 22:00:00', '2024-02-16 22:00:00'),
(22, 6, 22, 100, '2024-02-17 22:00:00', '2024-02-17 22:00:00'),
(23, 3, 23, 100, '2024-02-18 22:00:00', '2024-02-18 22:00:00'),
(24, 2, 24, 100, '2024-02-19 22:00:00', '2024-02-19 22:00:00'),
(25, 9, 25, 100, '2024-02-20 22:00:00', '2024-02-20 22:00:00'),
(26, 7, 26, 100, '2024-02-21 22:00:00', '2024-02-21 22:00:00'),
(27, 4, 27, 100, '2024-02-22 22:00:00', '2024-02-22 22:00:00'),
(28, 8, 28, 100, '2024-02-23 22:00:00', '2024-02-23 22:00:00'),
(29, 1, 29, 100, '2024-02-24 22:00:00', '2024-02-24 22:00:00'),
(30, 7, 30, 100, '2024-02-25 22:00:00', '2024-02-25 22:00:00'),
(31, 4, 31, 100, '2024-02-26 22:00:00', '2024-02-26 22:00:00'),
(32, 5, 32, 100, '2024-02-27 22:00:00', '2024-02-27 22:00:00'),
(33, 5, 33, 100, '2024-02-28 22:00:00', '2024-02-28 22:00:00'),
(34, 3, 34, 100, '2024-02-29 22:00:00', '2024-02-29 22:00:00'),
(35, 9, 35, 100, '2024-03-01 22:00:00', '2024-03-01 22:00:00'),
(36, 1, 36, 100, '2024-03-02 22:00:00', '2024-03-02 22:00:00'),
(37, 4, 37, 100, '2024-03-03 22:00:00', '2024-03-03 22:00:00'),
(38, 4, 38, 100, '2024-03-04 22:00:00', '2024-03-04 22:00:00'),
(39, 3, 39, 100, '2024-03-05 22:00:00', '2024-03-05 22:00:00'),
(40, 7, 40, 100, '2024-03-06 22:00:00', '2024-03-06 22:00:00'),
(41, 3, 41, 100, '2024-03-07 22:00:00', '2024-03-07 22:00:00'),
(42, 10, 42, 100, '2024-03-08 22:00:00', '2024-03-08 22:00:00'),
(43, 8, 43, 100, '2024-03-09 22:00:00', '2024-03-09 22:00:00'),
(44, 5, 44, 100, '2024-03-10 22:00:00', '2024-03-10 22:00:00'),
(45, 10, 45, 100, '2024-03-11 22:00:00', '2024-03-11 22:00:00'),
(46, 5, 46, 100, '2024-03-12 22:00:00', '2024-03-12 22:00:00'),
(47, 5, 47, 100, '2024-03-13 22:00:00', '2024-03-13 22:00:00'),
(48, 5, 48, 100, '2024-03-14 22:00:00', '2024-03-14 22:00:00'),
(49, 6, 49, 100, '2024-03-15 22:00:00', '2024-03-15 22:00:00'),
(50, 1, 50, 100, '2024-03-16 22:00:00', '2024-03-16 22:00:00'),
(51, 5, 51, 100, '2024-03-17 22:00:00', '2024-03-17 22:00:00'),
(52, 2, 52, 100, '2024-03-18 22:00:00', '2024-03-18 22:00:00'),
(53, 9, 53, 100, '2024-03-19 22:00:00', '2024-03-19 22:00:00'),
(54, 3, 54, 100, '2024-03-20 22:00:00', '2024-03-20 22:00:00'),
(55, 6, 55, 100, '2024-03-21 22:00:00', '2024-03-21 22:00:00'),
(56, 6, 56, 100, '2024-03-22 22:00:00', '2024-03-22 22:00:00'),
(57, 4, 57, 100, '2024-03-23 22:00:00', '2024-03-23 22:00:00'),
(58, 7, 58, 100, '2024-03-24 22:00:00', '2024-03-24 22:00:00'),
(59, 10, 59, 100, '2024-03-25 22:00:00', '2024-03-25 22:00:00'),
(60, 8, 60, 100, '2024-03-26 22:00:00', '2024-03-26 22:00:00'),
(61, 6, 61, 100, '2024-03-27 22:00:00', '2024-03-27 22:00:00'),
(62, 2, 62, 100, '2024-01-27 22:00:00', '2024-01-27 22:00:00'),
(63, 6, 63, 100, '2024-01-28 22:00:00', '2024-01-28 22:00:00'),
(64, 8, 64, 100, '2024-01-29 22:00:00', '2024-01-29 22:00:00'),
(65, 8, 65, 100, '2024-01-30 22:00:00', '2024-01-30 22:00:00'),
(66, 4, 66, 100, '2024-01-31 22:00:00', '2024-01-31 22:00:00'),
(67, 3, 67, 100, '2024-02-01 22:00:00', '2024-02-01 22:00:00'),
(68, 6, 68, 100, '2024-02-02 22:00:00', '2024-02-02 22:00:00'),
(69, 10, 69, 100, '2024-02-03 22:00:00', '2024-02-03 22:00:00'),
(70, 9, 70, 100, '2024-02-04 22:00:00', '2024-02-04 22:00:00'),
(71, 1, 71, 100, '2024-02-05 22:00:00', '2024-02-05 22:00:00'),
(72, 3, 72, 100, '2024-02-06 22:00:00', '2024-02-06 22:00:00'),
(73, 7, 73, 100, '2024-02-07 22:00:00', '2024-02-07 22:00:00'),
(74, 1, 74, 100, '2024-02-08 22:00:00', '2024-02-08 22:00:00'),
(75, 2, 75, 100, '2024-02-09 22:00:00', '2024-02-09 22:00:00'),
(76, 2, 76, 100, '2024-02-10 22:00:00', '2024-02-10 22:00:00'),
(77, 3, 77, 100, '2024-02-11 22:00:00', '2024-02-11 22:00:00'),
(78, 5, 78, 100, '2024-02-12 22:00:00', '2024-02-12 22:00:00'),
(79, 6, 79, 100, '2024-02-13 22:00:00', '2024-02-13 22:00:00'),
(80, 7, 80, 100, '2024-02-14 22:00:00', '2024-02-14 22:00:00'),
(81, 9, 81, 100, '2024-02-15 22:00:00', '2024-02-15 22:00:00'),
(82, 3, 82, 100, '2024-02-16 22:00:00', '2024-02-16 22:00:00'),
(83, 1, 83, 100, '2024-02-17 22:00:00', '2024-02-17 22:00:00'),
(84, 3, 84, 100, '2024-02-18 22:00:00', '2024-02-18 22:00:00'),
(85, 5, 85, 100, '2024-02-19 22:00:00', '2024-02-19 22:00:00'),
(86, 9, 86, 100, '2024-02-20 22:00:00', '2024-02-20 22:00:00'),
(87, 2, 87, 100, '2024-02-21 22:00:00', '2024-02-21 22:00:00'),
(88, 5, 88, 100, '2024-02-22 22:00:00', '2024-02-22 22:00:00'),
(89, 6, 89, 100, '2024-02-23 22:00:00', '2024-02-23 22:00:00'),
(90, 9, 90, 100, '2024-02-24 22:00:00', '2024-02-24 22:00:00'),
(91, 5, 91, 100, '2024-02-25 22:00:00', '2024-02-25 22:00:00'),
(92, 10, 92, 100, '2024-02-26 22:00:00', '2024-02-26 22:00:00'),
(93, 4, 93, 100, '2024-02-27 22:00:00', '2024-02-27 22:00:00'),
(94, 8, 94, 100, '2024-02-28 22:00:00', '2024-02-28 22:00:00'),
(95, 5, 95, 100, '2024-02-29 22:00:00', '2024-02-29 22:00:00'),
(96, 9, 96, 100, '2024-03-01 22:00:00', '2024-03-01 22:00:00'),
(97, 1, 97, 100, '2024-03-02 22:00:00', '2024-03-02 22:00:00'),
(98, 5, 98, 100, '2024-03-03 22:00:00', '2024-03-03 22:00:00'),
(99, 1, 99, 100, '2024-03-04 22:00:00', '2024-03-04 22:00:00'),
(100, 3, 100, 100, '2024-03-05 22:00:00', '2024-03-05 22:00:00'),
(101, 1, 101, 100, '2024-03-06 22:00:00', '2024-03-06 22:00:00'),
(102, 10, 102, 100, '2024-03-07 22:00:00', '2024-03-07 22:00:00'),
(103, 3, 103, 100, '2024-03-08 22:00:00', '2024-03-08 22:00:00'),
(104, 8, 104, 100, '2024-03-09 22:00:00', '2024-03-09 22:00:00'),
(105, 8, 105, 100, '2024-03-10 22:00:00', '2024-03-10 22:00:00'),
(106, 10, 106, 100, '2024-03-11 22:00:00', '2024-03-11 22:00:00'),
(107, 5, 107, 100, '2024-03-12 22:00:00', '2024-03-12 22:00:00'),
(108, 10, 108, 100, '2024-03-13 22:00:00', '2024-03-13 22:00:00'),
(109, 3, 109, 100, '2024-03-14 22:00:00', '2024-03-14 22:00:00'),
(110, 1, 110, 100, '2024-03-15 22:00:00', '2024-03-15 22:00:00'),
(111, 1, 111, 100, '2024-03-16 22:00:00', '2024-03-16 22:00:00'),
(112, 3, 112, 100, '2024-03-17 22:00:00', '2024-03-17 22:00:00'),
(113, 8, 113, 100, '2024-03-18 22:00:00', '2024-03-18 22:00:00'),
(114, 9, 114, 100, '2024-03-19 22:00:00', '2024-03-19 22:00:00'),
(115, 1, 115, 100, '2024-03-20 22:00:00', '2024-03-20 22:00:00'),
(116, 5, 116, 100, '2024-03-21 22:00:00', '2024-03-21 22:00:00'),
(117, 6, 117, 100, '2024-03-22 22:00:00', '2024-03-22 22:00:00'),
(118, 7, 118, 100, '2024-03-23 22:00:00', '2024-03-23 22:00:00'),
(119, 6, 119, 100, '2024-03-24 22:00:00', '2024-03-24 22:00:00'),
(120, 9, 120, 100, '2024-03-25 22:00:00', '2024-03-25 22:00:00'),
(121, 8, 121, 100, '2024-03-26 22:00:00', '2024-03-26 22:00:00'),
(122, 6, 122, 100, '2024-03-27 22:00:00', '2024-03-27 22:00:00');

-- --------------------------------------------------------

--
-- Table structure for table `ratings`
--

CREATE TABLE `ratings` (
  `id` bigint(20) UNSIGNED NOT NULL,
  `customer_id` bigint(20) UNSIGNED DEFAULT NULL,
  `order_id` bigint(20) UNSIGNED DEFAULT NULL,
  `product_id` bigint(20) UNSIGNED DEFAULT NULL,
  `rating` tinyint(4) NOT NULL DEFAULT 1,
  `created_at` timestamp NULL DEFAULT NULL,
  `updated_at` timestamp NULL DEFAULT NULL
) ENGINE=InnoDB DEFAULT CHARSET=utf8mb4 COLLATE=utf8mb4_unicode_ci;

--
-- Dumping data for table `ratings`
--

INSERT INTO `ratings` (`id`, `customer_id`, `order_id`, `product_id`, `rating`, `created_at`, `updated_at`) VALUES
(1, 7, 1, 28, 3, '2024-01-27 22:00:00', '2024-01-27 22:00:00'),
(2, 7, 1, 3, 3, '2024-01-27 22:00:00', '2024-01-27 22:00:00'),
(3, 4, 2, 4, 2, '2024-01-28 22:00:00', '2024-01-28 22:00:00'),
(4, 4, 2, 24, 3, '2024-01-28 22:00:00', '2024-01-28 22:00:00'),
(5, 4, 2, 10, 4, '2024-01-28 22:00:00', '2024-01-28 22:00:00'),
(6, 4, 2, 14, 2, '2024-01-28 22:00:00', '2024-01-28 22:00:00'),
(7, 3, 3, 8, 2, '2024-01-29 22:00:00', '2024-01-29 22:00:00'),
(8, 3, 3, 4, 5, '2024-01-29 22:00:00', '2024-01-29 22:00:00'),
(9, 3, 3, 26, 3, '2024-01-29 22:00:00', '2024-01-29 22:00:00'),
(10, 3, 3, 20, 3, '2024-01-29 22:00:00', '2024-01-29 22:00:00'),
(11, 1, 4, 27, 3, '2024-01-30 22:00:00', '2024-01-30 22:00:00'),
(12, 1, 4, 22, 4, '2024-01-30 22:00:00', '2024-01-30 22:00:00'),
(13, 1, 4, 25, 4, '2024-01-30 22:00:00', '2024-01-30 22:00:00'),
(14, 1, 4, 17, 1, '2024-01-30 22:00:00', '2024-01-30 22:00:00'),
(15, 2, 5, 4, 3, '2024-01-31 22:00:00', '2024-01-31 22:00:00'),
(16, 6, 6, 9, 5, '2024-02-01 22:00:00', '2024-02-01 22:00:00'),
(17, 6, 6, 12, 1, '2024-02-01 22:00:00', '2024-02-01 22:00:00'),
(18, 6, 6, 20, 4, '2024-02-01 22:00:00', '2024-02-01 22:00:00'),
(19, 4, 7, 5, 2, '2024-02-02 22:00:00', '2024-02-02 22:00:00'),
(20, 4, 7, 4, 5, '2024-02-02 22:00:00', '2024-02-02 22:00:00'),
(21, 7, 8, 14, 2, '2024-02-03 22:00:00', '2024-02-03 22:00:00'),
(22, 7, 8, 23, 2, '2024-02-03 22:00:00', '2024-02-03 22:00:00'),
(23, 7, 8, 3, 3, '2024-02-03 22:00:00', '2024-02-03 22:00:00'),
(24, 7, 8, 1, 5, '2024-02-03 22:00:00', '2024-02-03 22:00:00'),
(25, 3, 9, 1, 1, '2024-02-04 22:00:00', '2024-02-04 22:00:00'),
(26, 3, 9, 14, 4, '2024-02-04 22:00:00', '2024-02-04 22:00:00'),
(27, 3, 9, 2, 3, '2024-02-04 22:00:00', '2024-02-04 22:00:00'),
(28, 3, 9, 4, 4, '2024-02-04 22:00:00', '2024-02-04 22:00:00'),
(29, 10, 10, 23, 3, '2024-02-05 22:00:00', '2024-02-05 22:00:00'),
(30, 4, 11, 17, 5, '2024-02-06 22:00:00', '2024-02-06 22:00:00'),
(31, 9, 12, 30, 5, '2024-02-07 22:00:00', '2024-02-07 22:00:00'),
(32, 9, 12, 6, 4, '2024-02-07 22:00:00', '2024-02-07 22:00:00'),
(33, 9, 12, 20, 5, '2024-02-07 22:00:00', '2024-02-07 22:00:00'),
(34, 9, 12, 8, 4, '2024-02-07 22:00:00', '2024-02-07 22:00:00'),
(35, 9, 12, 13, 2, '2024-02-07 22:00:00', '2024-02-07 22:00:00'),
(36, 10, 13, 19, 4, '2024-02-08 22:00:00', '2024-02-08 22:00:00'),
(37, 10, 13, 1, 2, '2024-02-08 22:00:00', '2024-02-08 22:00:00'),
(38, 10, 13, 11, 3, '2024-02-08 22:00:00', '2024-02-08 22:00:00'),
(39, 4, 14, 19, 3, '2024-02-09 22:00:00', '2024-02-09 22:00:00'),
(40, 4, 14, 13, 1, '2024-02-09 22:00:00', '2024-02-09 22:00:00'),
(41, 4, 14, 12, 4, '2024-02-09 22:00:00', '2024-02-09 22:00:00'),
(42, 4, 14, 27, 3, '2024-02-09 22:00:00', '2024-02-09 22:00:00'),
(43, 4, 14, 15, 3, '2024-02-09 22:00:00', '2024-02-09 22:00:00'),
(44, 5, 15, 4, 4, '2024-02-10 22:00:00', '2024-02-10 22:00:00'),
(45, 5, 15, 11, 5, '2024-02-10 22:00:00', '2024-02-10 22:00:00'),
(46, 5, 15, 27, 1, '2024-02-10 22:00:00', '2024-02-10 22:00:00'),
(47, 5, 15, 1, 2, '2024-02-10 22:00:00', '2024-02-10 22:00:00'),
(48, 5, 15, 5, 5, '2024-02-10 22:00:00', '2024-02-10 22:00:00'),
(49, 2, 16, 14, 5, '2024-02-11 22:00:00', '2024-02-11 22:00:00'),
(50, 2, 16, 29, 1, '2024-02-11 22:00:00', '2024-02-11 22:00:00'),
(51, 2, 16, 5, 4, '2024-02-11 22:00:00', '2024-02-11 22:00:00'),
(52, 1, 17, 13, 1, '2024-02-12 22:00:00', '2024-02-12 22:00:00'),
(53, 1, 17, 2, 4, '2024-02-12 22:00:00', '2024-02-12 22:00:00'),
(54, 1, 17, 14, 3, '2024-02-12 22:00:00', '2024-02-12 22:00:00'),
(55, 1, 17, 28, 1, '2024-02-12 22:00:00', '2024-02-12 22:00:00'),
(56, 2, 18, 11, 4, '2024-02-13 22:00:00', '2024-02-13 22:00:00'),
(57, 1, 19, 6, 1, '2024-02-14 22:00:00', '2024-02-14 22:00:00'),
(58, 1, 19, 26, 5, '2024-02-14 22:00:00', '2024-02-14 22:00:00'),
(59, 1, 19, 8, 2, '2024-02-14 22:00:00', '2024-02-14 22:00:00'),
(60, 10, 20, 14, 5, '2024-02-15 22:00:00', '2024-02-15 22:00:00'),
(61, 10, 20, 24, 3, '2024-02-15 22:00:00', '2024-02-15 22:00:00'),
(62, 6, 21, 29, 2, '2024-02-16 22:00:00', '2024-02-16 22:00:00'),
(63, 6, 22, 11, 2, '2024-02-17 22:00:00', '2024-02-17 22:00:00'),
(64, 6, 22, 26, 2, '2024-02-17 22:00:00', '2024-02-17 22:00:00'),
(65, 6, 22, 19, 4, '2024-02-17 22:00:00', '2024-02-17 22:00:00'),
(66, 6, 22, 17, 3, '2024-02-17 22:00:00', '2024-02-17 22:00:00'),
(67, 6, 22, 11, 3, '2024-02-17 22:00:00', '2024-02-17 22:00:00'),
(68, 3, 23, 23, 4, '2024-02-18 22:00:00', '2024-02-18 22:00:00'),
(69, 3, 23, 30, 5, '2024-02-18 22:00:00', '2024-02-18 22:00:00'),
(70, 3, 23, 12, 2, '2024-02-18 22:00:00', '2024-02-18 22:00:00'),
(71, 3, 23, 28, 2, '2024-02-18 22:00:00', '2024-02-18 22:00:00'),
(72, 2, 24, 21, 2, '2024-02-19 22:00:00', '2024-02-19 22:00:00'),
(73, 9, 25, 3, 1, '2024-02-20 22:00:00', '2024-02-20 22:00:00'),
(74, 9, 25, 18, 1, '2024-02-20 22:00:00', '2024-02-20 22:00:00'),
(75, 7, 26, 19, 5, '2024-02-21 22:00:00', '2024-02-21 22:00:00'),
(76, 7, 26, 18, 1, '2024-02-21 22:00:00', '2024-02-21 22:00:00'),
(77, 4, 27, 14, 2, '2024-02-22 22:00:00', '2024-02-22 22:00:00'),
(78, 8, 28, 8, 5, '2024-02-23 22:00:00', '2024-02-23 22:00:00'),
(79, 1, 29, 16, 3, '2024-02-24 22:00:00', '2024-02-24 22:00:00'),
(80, 1, 29, 20, 5, '2024-02-24 22:00:00', '2024-02-24 22:00:00'),
(81, 1, 29, 16, 3, '2024-02-24 22:00:00', '2024-02-24 22:00:00'),
(82, 1, 29, 23, 2, '2024-02-24 22:00:00', '2024-02-24 22:00:00'),
(83, 7, 30, 20, 1, '2024-02-25 22:00:00', '2024-02-25 22:00:00'),
(84, 7, 30, 15, 4, '2024-02-25 22:00:00', '2024-02-25 22:00:00'),
(85, 7, 30, 26, 4, '2024-02-25 22:00:00', '2024-02-25 22:00:00'),
(86, 7, 30, 30, 4, '2024-02-25 22:00:00', '2024-02-25 22:00:00'),
(87, 4, 31, 6, 1, '2024-02-26 22:00:00', '2024-02-26 22:00:00'),
(88, 5, 32, 5, 2, '2024-02-27 22:00:00', '2024-02-27 22:00:00'),
(89, 5, 32, 22, 3, '2024-02-27 22:00:00', '2024-02-27 22:00:00'),
(90, 5, 32, 27, 2, '2024-02-27 22:00:00', '2024-02-27 22:00:00'),
(91, 5, 32, 15, 3, '2024-02-27 22:00:00', '2024-02-27 22:00:00'),
(92, 5, 33, 4, 2, '2024-02-28 22:00:00', '2024-02-28 22:00:00'),
(93, 5, 33, 16, 1, '2024-02-28 22:00:00', '2024-02-28 22:00:00'),
(94, 5, 33, 17, 3, '2024-02-28 22:00:00', '2024-02-28 22:00:00'),
(95, 3, 34, 22, 1, '2024-02-29 22:00:00', '2024-02-29 22:00:00'),
(96, 3, 34, 19, 2, '2024-02-29 22:00:00', '2024-02-29 22:00:00'),
(97, 3, 34, 1, 3, '2024-02-29 22:00:00', '2024-02-29 22:00:00'),
(98, 9, 35, 10, 3, '2024-03-01 22:00:00', '2024-03-01 22:00:00'),
(99, 9, 35, 14, 2, '2024-03-01 22:00:00', '2024-03-01 22:00:00'),
(100, 9, 35, 17, 5, '2024-03-01 22:00:00', '2024-03-01 22:00:00'),
(101, 9, 35, 25, 2, '2024-03-01 22:00:00', '2024-03-01 22:00:00'),
(102, 1, 36, 30, 2, '2024-03-02 22:00:00', '2024-03-02 22:00:00'),
(103, 1, 36, 20, 2, '2024-03-02 22:00:00', '2024-03-02 22:00:00'),
(104, 1, 36, 19, 1, '2024-03-02 22:00:00', '2024-03-02 22:00:00'),
(105, 1, 36, 25, 2, '2024-03-02 22:00:00', '2024-03-02 22:00:00'),
(106, 4, 37, 5, 2, '2024-03-03 22:00:00', '2024-03-03 22:00:00'),
(107, 4, 37, 26, 1, '2024-03-03 22:00:00', '2024-03-03 22:00:00'),
(108, 4, 37, 23, 5, '2024-03-03 22:00:00', '2024-03-03 22:00:00'),
(109, 4, 37, 24, 3, '2024-03-03 22:00:00', '2024-03-03 22:00:00'),
(110, 4, 37, 15, 2, '2024-03-03 22:00:00', '2024-03-03 22:00:00'),
(111, 4, 38, 30, 4, '2024-03-04 22:00:00', '2024-03-04 22:00:00'),
(112, 4, 38, 2, 4, '2024-03-04 22:00:00', '2024-03-04 22:00:00'),
(113, 4, 38, 8, 5, '2024-03-04 22:00:00', '2024-03-04 22:00:00'),
(114, 4, 38, 5, 5, '2024-03-04 22:00:00', '2024-03-04 22:00:00'),
(115, 3, 39, 11, 3, '2024-03-05 22:00:00', '2024-03-05 22:00:00'),
(116, 3, 39, 6, 1, '2024-03-05 22:00:00', '2024-03-05 22:00:00'),
(117, 3, 39, 14, 2, '2024-03-05 22:00:00', '2024-03-05 22:00:00'),
(118, 3, 39, 25, 3, '2024-03-05 22:00:00', '2024-03-05 22:00:00'),
(119, 3, 39, 26, 5, '2024-03-05 22:00:00', '2024-03-05 22:00:00'),
(120, 7, 40, 7, 4, '2024-03-06 22:00:00', '2024-03-06 22:00:00'),
(121, 3, 41, 1, 1, '2024-03-07 22:00:00', '2024-03-07 22:00:00'),
(122, 3, 41, 3, 5, '2024-03-07 22:00:00', '2024-03-07 22:00:00'),
(123, 3, 41, 12, 5, '2024-03-07 22:00:00', '2024-03-07 22:00:00'),
(124, 3, 41, 23, 2, '2024-03-07 22:00:00', '2024-03-07 22:00:00'),
(125, 10, 42, 22, 3, '2024-03-08 22:00:00', '2024-03-08 22:00:00'),
(126, 10, 42, 21, 4, '2024-03-08 22:00:00', '2024-03-08 22:00:00'),
(127, 10, 42, 27, 3, '2024-03-08 22:00:00', '2024-03-08 22:00:00'),
(128, 10, 42, 13, 2, '2024-03-08 22:00:00', '2024-03-08 22:00:00'),
(129, 10, 42, 7, 2, '2024-03-08 22:00:00', '2024-03-08 22:00:00'),
(130, 8, 43, 2, 1, '2024-03-09 22:00:00', '2024-03-09 22:00:00'),
(131, 8, 43, 28, 3, '2024-03-09 22:00:00', '2024-03-09 22:00:00'),
(132, 8, 43, 25, 5, '2024-03-09 22:00:00', '2024-03-09 22:00:00'),
(133, 5, 44, 9, 3, '2024-03-10 22:00:00', '2024-03-10 22:00:00'),
(134, 5, 44, 1, 3, '2024-03-10 22:00:00', '2024-03-10 22:00:00'),
(135, 5, 44, 21, 2, '2024-03-10 22:00:00', '2024-03-10 22:00:00'),
(136, 10, 45, 16, 3, '2024-03-11 22:00:00', '2024-03-11 22:00:00'),
(137, 10, 45, 22, 3, '2024-03-11 22:00:00', '2024-03-11 22:00:00'),
(138, 10, 45, 9, 4, '2024-03-11 22:00:00', '2024-03-11 22:00:00'),
(139, 10, 45, 22, 5, '2024-03-11 22:00:00', '2024-03-11 22:00:00'),
(140, 5, 46, 17, 5, '2024-03-12 22:00:00', '2024-03-12 22:00:00'),
(141, 5, 46, 9, 1, '2024-03-12 22:00:00', '2024-03-12 22:00:00'),
(142, 5, 46, 17, 5, '2024-03-12 22:00:00', '2024-03-12 22:00:00'),
(143, 5, 46, 16, 5, '2024-03-12 22:00:00', '2024-03-12 22:00:00'),
(144, 5, 46, 10, 2, '2024-03-12 22:00:00', '2024-03-12 22:00:00'),
(145, 5, 47, 8, 2, '2024-03-13 22:00:00', '2024-03-13 22:00:00'),
(146, 5, 47, 30, 2, '2024-03-13 22:00:00', '2024-03-13 22:00:00'),
(147, 5, 47, 27, 3, '2024-03-13 22:00:00', '2024-03-13 22:00:00'),
(148, 5, 48, 19, 5, '2024-03-14 22:00:00', '2024-03-14 22:00:00'),
(149, 5, 48, 13, 1, '2024-03-14 22:00:00', '2024-03-14 22:00:00'),
(150, 5, 48, 9, 5, '2024-03-14 22:00:00', '2024-03-14 22:00:00'),
(151, 6, 49, 5, 3, '2024-03-15 22:00:00', '2024-03-15 22:00:00'),
(152, 6, 49, 16, 5, '2024-03-15 22:00:00', '2024-03-15 22:00:00'),
(153, 6, 49, 17, 5, '2024-03-15 22:00:00', '2024-03-15 22:00:00'),
(154, 6, 49, 30, 4, '2024-03-15 22:00:00', '2024-03-15 22:00:00'),
(155, 6, 49, 23, 5, '2024-03-15 22:00:00', '2024-03-15 22:00:00'),
(156, 1, 50, 4, 4, '2024-03-16 22:00:00', '2024-03-16 22:00:00'),
(157, 1, 50, 6, 2, '2024-03-16 22:00:00', '2024-03-16 22:00:00'),
(158, 1, 50, 5, 1, '2024-03-16 22:00:00', '2024-03-16 22:00:00'),
(159, 5, 51, 12, 5, '2024-03-17 22:00:00', '2024-03-17 22:00:00'),
(160, 5, 51, 17, 3, '2024-03-17 22:00:00', '2024-03-17 22:00:00'),
(161, 5, 51, 2, 1, '2024-03-17 22:00:00', '2024-03-17 22:00:00'),
(162, 2, 52, 1, 5, '2024-03-18 22:00:00', '2024-03-18 22:00:00'),
(163, 2, 52, 18, 2, '2024-03-18 22:00:00', '2024-03-18 22:00:00'),
(164, 9, 53, 21, 1, '2024-03-19 22:00:00', '2024-03-19 22:00:00'),
(165, 9, 53, 6, 3, '2024-03-19 22:00:00', '2024-03-19 22:00:00'),
(166, 9, 53, 9, 5, '2024-03-19 22:00:00', '2024-03-19 22:00:00'),
(167, 3, 54, 1, 1, '2024-03-20 22:00:00', '2024-03-20 22:00:00'),
(168, 6, 55, 23, 5, '2024-03-21 22:00:00', '2024-03-21 22:00:00'),
(169, 6, 55, 29, 3, '2024-03-21 22:00:00', '2024-03-21 22:00:00'),
(170, 6, 56, 6, 3, '2024-03-22 22:00:00', '2024-03-22 22:00:00'),
(171, 6, 56, 23, 1, '2024-03-22 22:00:00', '2024-03-22 22:00:00'),
(172, 4, 57, 25, 3, '2024-03-23 22:00:00', '2024-03-23 22:00:00'),
(173, 4, 57, 24, 2, '2024-03-23 22:00:00', '2024-03-23 22:00:00'),
(174, 4, 57, 2, 4, '2024-03-23 22:00:00', '2024-03-23 22:00:00'),
(175, 4, 57, 4, 3, '2024-03-23 22:00:00', '2024-03-23 22:00:00'),
(176, 4, 57, 6, 2, '2024-03-23 22:00:00', '2024-03-23 22:00:00'),
(177, 7, 58, 13, 5, '2024-03-24 22:00:00', '2024-03-24 22:00:00'),
(178, 10, 59, 24, 2, '2024-03-25 22:00:00', '2024-03-25 22:00:00'),
(179, 10, 59, 4, 4, '2024-03-25 22:00:00', '2024-03-25 22:00:00'),
(180, 8, 60, 18, 3, '2024-03-26 22:00:00', '2024-03-26 22:00:00'),
(181, 8, 60, 1, 4, '2024-03-26 22:00:00', '2024-03-26 22:00:00'),
(182, 8, 60, 23, 1, '2024-03-26 22:00:00', '2024-03-26 22:00:00'),
(183, 6, 61, 3, 5, '2024-03-27 22:00:00', '2024-03-27 22:00:00'),
(184, 6, 61, 8, 1, '2024-03-27 22:00:00', '2024-03-27 22:00:00'),
(185, 6, 61, 29, 1, '2024-03-27 22:00:00', '2024-03-27 22:00:00'),
(186, 6, 61, 1, 1, '2024-03-27 22:00:00', '2024-03-27 22:00:00'),
(187, 6, 61, 15, 5, '2024-03-27 22:00:00', '2024-03-27 22:00:00'),
(188, 2, 62, 21, 4, '2024-01-27 22:00:00', '2024-01-27 22:00:00'),
(189, 2, 62, 21, 5, '2024-01-27 22:00:00', '2024-01-27 22:00:00'),
(190, 2, 62, 26, 1, '2024-01-27 22:00:00', '2024-01-27 22:00:00'),
(191, 6, 63, 15, 4, '2024-01-28 22:00:00', '2024-01-28 22:00:00'),
(192, 8, 64, 19, 3, '2024-01-29 22:00:00', '2024-01-29 22:00:00'),
(193, 8, 65, 21, 4, '2024-01-30 22:00:00', '2024-01-30 22:00:00'),
(194, 8, 65, 29, 5, '2024-01-30 22:00:00', '2024-01-30 22:00:00'),
(195, 8, 65, 15, 2, '2024-01-30 22:00:00', '2024-01-30 22:00:00'),
(196, 8, 65, 25, 4, '2024-01-30 22:00:00', '2024-01-30 22:00:00'),
(197, 8, 65, 2, 4, '2024-01-30 22:00:00', '2024-01-30 22:00:00'),
(198, 4, 66, 11, 1, '2024-01-31 22:00:00', '2024-01-31 22:00:00'),
(199, 4, 66, 29, 3, '2024-01-31 22:00:00', '2024-01-31 22:00:00'),
(200, 4, 66, 3, 5, '2024-01-31 22:00:00', '2024-01-31 22:00:00'),
(201, 4, 66, 20, 5, '2024-01-31 22:00:00', '2024-01-31 22:00:00'),
(202, 4, 66, 6, 5, '2024-01-31 22:00:00', '2024-01-31 22:00:00'),
(203, 3, 67, 5, 3, '2024-02-01 22:00:00', '2024-02-01 22:00:00'),
(204, 3, 67, 15, 4, '2024-02-01 22:00:00', '2024-02-01 22:00:00'),
(205, 3, 67, 24, 3, '2024-02-01 22:00:00', '2024-02-01 22:00:00'),
(206, 6, 68, 20, 4, '2024-02-02 22:00:00', '2024-02-02 22:00:00'),
(207, 6, 68, 16, 2, '2024-02-02 22:00:00', '2024-02-02 22:00:00'),
(208, 6, 68, 16, 1, '2024-02-02 22:00:00', '2024-02-02 22:00:00'),
(209, 6, 68, 27, 4, '2024-02-02 22:00:00', '2024-02-02 22:00:00'),
(210, 6, 68, 12, 1, '2024-02-02 22:00:00', '2024-02-02 22:00:00'),
(211, 10, 69, 30, 4, '2024-02-03 22:00:00', '2024-02-03 22:00:00'),
(212, 10, 69, 16, 1, '2024-02-03 22:00:00', '2024-02-03 22:00:00'),
(213, 9, 70, 19, 3, '2024-02-04 22:00:00', '2024-02-04 22:00:00'),
(214, 9, 70, 18, 5, '2024-02-04 22:00:00', '2024-02-04 22:00:00'),
(215, 1, 71, 13, 4, '2024-02-05 22:00:00', '2024-02-05 22:00:00'),
(216, 1, 71, 2, 4, '2024-02-05 22:00:00', '2024-02-05 22:00:00'),
(217, 1, 71, 13, 1, '2024-02-05 22:00:00', '2024-02-05 22:00:00'),
(218, 1, 71, 25, 3, '2024-02-05 22:00:00', '2024-02-05 22:00:00'),
(219, 3, 72, 6, 2, '2024-02-06 22:00:00', '2024-02-06 22:00:00'),
(220, 3, 72, 24, 4, '2024-02-06 22:00:00', '2024-02-06 22:00:00'),
(221, 7, 73, 14, 2, '2024-02-07 22:00:00', '2024-02-07 22:00:00'),
(222, 7, 73, 22, 5, '2024-02-07 22:00:00', '2024-02-07 22:00:00'),
(223, 7, 73, 8, 5, '2024-02-07 22:00:00', '2024-02-07 22:00:00'),
(224, 7, 73, 28, 3, '2024-02-07 22:00:00', '2024-02-07 22:00:00'),
(225, 1, 74, 18, 2, '2024-02-08 22:00:00', '2024-02-08 22:00:00'),
(226, 1, 74, 26, 5, '2024-02-08 22:00:00', '2024-02-08 22:00:00'),
(227, 1, 74, 24, 3, '2024-02-08 22:00:00', '2024-02-08 22:00:00'),
(228, 1, 74, 5, 5, '2024-02-08 22:00:00', '2024-02-08 22:00:00'),
(229, 1, 74, 6, 5, '2024-02-08 22:00:00', '2024-02-08 22:00:00'),
(230, 2, 75, 21, 3, '2024-02-09 22:00:00', '2024-02-09 22:00:00'),
(231, 2, 75, 3, 5, '2024-02-09 22:00:00', '2024-02-09 22:00:00'),
(232, 2, 75, 9, 3, '2024-02-09 22:00:00', '2024-02-09 22:00:00'),
(233, 2, 75, 21, 3, '2024-02-09 22:00:00', '2024-02-09 22:00:00'),
(234, 2, 76, 17, 3, '2024-02-10 22:00:00', '2024-02-10 22:00:00'),
(235, 2, 76, 19, 4, '2024-02-10 22:00:00', '2024-02-10 22:00:00'),
(236, 2, 76, 13, 5, '2024-02-10 22:00:00', '2024-02-10 22:00:00'),
(237, 2, 76, 20, 5, '2024-02-10 22:00:00', '2024-02-10 22:00:00'),
(238, 2, 76, 17, 3, '2024-02-10 22:00:00', '2024-02-10 22:00:00'),
(239, 3, 77, 22, 4, '2024-02-11 22:00:00', '2024-02-11 22:00:00'),
(240, 3, 77, 29, 3, '2024-02-11 22:00:00', '2024-02-11 22:00:00'),
(241, 3, 77, 16, 4, '2024-02-11 22:00:00', '2024-02-11 22:00:00'),
(242, 5, 78, 18, 1, '2024-02-12 22:00:00', '2024-02-12 22:00:00'),
(243, 5, 78, 14, 3, '2024-02-12 22:00:00', '2024-02-12 22:00:00'),
(244, 6, 79, 15, 3, '2024-02-13 22:00:00', '2024-02-13 22:00:00'),
(245, 6, 79, 28, 5, '2024-02-13 22:00:00', '2024-02-13 22:00:00'),
(246, 6, 79, 6, 1, '2024-02-13 22:00:00', '2024-02-13 22:00:00'),
(247, 7, 80, 23, 3, '2024-02-14 22:00:00', '2024-02-14 22:00:00'),
(248, 9, 81, 28, 3, '2024-02-15 22:00:00', '2024-02-15 22:00:00'),
(249, 9, 81, 17, 4, '2024-02-15 22:00:00', '2024-02-15 22:00:00'),
(250, 3, 82, 8, 3, '2024-02-16 22:00:00', '2024-02-16 22:00:00'),
(251, 3, 82, 26, 4, '2024-02-16 22:00:00', '2024-02-16 22:00:00'),
(252, 3, 82, 16, 1, '2024-02-16 22:00:00', '2024-02-16 22:00:00'),
(253, 1, 83, 13, 1, '2024-02-17 22:00:00', '2024-02-17 22:00:00'),
(254, 3, 84, 3, 5, '2024-02-18 22:00:00', '2024-02-18 22:00:00'),
(255, 3, 84, 23, 4, '2024-02-18 22:00:00', '2024-02-18 22:00:00'),
(256, 3, 84, 5, 5, '2024-02-18 22:00:00', '2024-02-18 22:00:00'),
(257, 5, 85, 8, 3, '2024-02-19 22:00:00', '2024-02-19 22:00:00'),
(258, 5, 85, 18, 5, '2024-02-19 22:00:00', '2024-02-19 22:00:00'),
(259, 5, 85, 14, 3, '2024-02-19 22:00:00', '2024-02-19 22:00:00'),
(260, 5, 85, 1, 5, '2024-02-19 22:00:00', '2024-02-19 22:00:00'),
(261, 9, 86, 17, 2, '2024-02-20 22:00:00', '2024-02-20 22:00:00'),
(262, 2, 87, 9, 3, '2024-02-21 22:00:00', '2024-02-21 22:00:00'),
(263, 2, 87, 7, 5, '2024-02-21 22:00:00', '2024-02-21 22:00:00'),
(264, 2, 87, 10, 3, '2024-02-21 22:00:00', '2024-02-21 22:00:00'),
(265, 5, 88, 9, 3, '2024-02-22 22:00:00', '2024-02-22 22:00:00'),
(266, 5, 88, 26, 4, '2024-02-22 22:00:00', '2024-02-22 22:00:00'),
(267, 5, 88, 25, 5, '2024-02-22 22:00:00', '2024-02-22 22:00:00'),
(268, 5, 88, 2, 5, '2024-02-22 22:00:00', '2024-02-22 22:00:00'),
(269, 5, 88, 11, 4, '2024-02-22 22:00:00', '2024-02-22 22:00:00'),
(270, 6, 89, 7, 1, '2024-02-23 22:00:00', '2024-02-23 22:00:00'),
(271, 6, 89, 16, 2, '2024-02-23 22:00:00', '2024-02-23 22:00:00'),
(272, 6, 89, 16, 1, '2024-02-23 22:00:00', '2024-02-23 22:00:00'),
(273, 6, 89, 10, 4, '2024-02-23 22:00:00', '2024-02-23 22:00:00'),
(274, 9, 90, 29, 4, '2024-02-24 22:00:00', '2024-02-24 22:00:00'),
(275, 5, 91, 1, 3, '2024-02-25 22:00:00', '2024-02-25 22:00:00'),
(276, 5, 91, 27, 1, '2024-02-25 22:00:00', '2024-02-25 22:00:00'),
(277, 5, 91, 7, 4, '2024-02-25 22:00:00', '2024-02-25 22:00:00'),
(278, 5, 91, 29, 1, '2024-02-25 22:00:00', '2024-02-25 22:00:00'),
(279, 10, 92, 15, 5, '2024-02-26 22:00:00', '2024-02-26 22:00:00'),
(280, 10, 92, 10, 2, '2024-02-26 22:00:00', '2024-02-26 22:00:00'),
(281, 10, 92, 10, 3, '2024-02-26 22:00:00', '2024-02-26 22:00:00'),
(282, 4, 93, 8, 3, '2024-02-27 22:00:00', '2024-02-27 22:00:00'),
(283, 4, 93, 21, 2, '2024-02-27 22:00:00', '2024-02-27 22:00:00'),
(284, 4, 93, 24, 4, '2024-02-27 22:00:00', '2024-02-27 22:00:00'),
(285, 4, 93, 28, 3, '2024-02-27 22:00:00', '2024-02-27 22:00:00'),
(286, 8, 94, 22, 4, '2024-02-28 22:00:00', '2024-02-28 22:00:00'),
(287, 5, 95, 24, 5, '2024-02-29 22:00:00', '2024-02-29 22:00:00'),
(288, 5, 95, 4, 4, '2024-02-29 22:00:00', '2024-02-29 22:00:00'),
(289, 5, 95, 9, 1, '2024-02-29 22:00:00', '2024-02-29 22:00:00'),
(290, 5, 95, 5, 5, '2024-02-29 22:00:00', '2024-02-29 22:00:00'),
(291, 5, 95, 5, 3, '2024-02-29 22:00:00', '2024-02-29 22:00:00'),
(292, 9, 96, 9, 4, '2024-03-01 22:00:00', '2024-03-01 22:00:00'),
(293, 9, 96, 20, 5, '2024-03-01 22:00:00', '2024-03-01 22:00:00'),
(294, 9, 96, 21, 1, '2024-03-01 22:00:00', '2024-03-01 22:00:00'),
(295, 9, 96, 18, 1, '2024-03-01 22:00:00', '2024-03-01 22:00:00'),
(296, 9, 96, 3, 2, '2024-03-01 22:00:00', '2024-03-01 22:00:00'),
(297, 1, 97, 26, 5, '2024-03-02 22:00:00', '2024-03-02 22:00:00'),
(298, 1, 97, 6, 2, '2024-03-02 22:00:00', '2024-03-02 22:00:00'),
(299, 5, 98, 5, 4, '2024-03-03 22:00:00', '2024-03-03 22:00:00'),
(300, 5, 98, 8, 4, '2024-03-03 22:00:00', '2024-03-03 22:00:00'),
(301, 1, 99, 24, 4, '2024-03-04 22:00:00', '2024-03-04 22:00:00'),
(302, 1, 99, 14, 2, '2024-03-04 22:00:00', '2024-03-04 22:00:00'),
(303, 1, 99, 5, 4, '2024-03-04 22:00:00', '2024-03-04 22:00:00'),
(304, 3, 100, 24, 5, '2024-03-05 22:00:00', '2024-03-05 22:00:00'),
(305, 3, 100, 29, 4, '2024-03-05 22:00:00', '2024-03-05 22:00:00'),
(306, 1, 101, 18, 2, '2024-03-06 22:00:00', '2024-03-06 22:00:00'),
(307, 1, 101, 2, 3, '2024-03-06 22:00:00', '2024-03-06 22:00:00'),
(308, 10, 102, 26, 2, '2024-03-07 22:00:00', '2024-03-07 22:00:00'),
(309, 10, 102, 16, 1, '2024-03-07 22:00:00', '2024-03-07 22:00:00'),
(310, 10, 102, 12, 4, '2024-03-07 22:00:00', '2024-03-07 22:00:00'),
(311, 10, 102, 17, 3, '2024-03-07 22:00:00', '2024-03-07 22:00:00'),
(312, 10, 102, 12, 1, '2024-03-07 22:00:00', '2024-03-07 22:00:00'),
(313, 3, 103, 3, 4, '2024-03-08 22:00:00', '2024-03-08 22:00:00'),
(314, 3, 103, 12, 4, '2024-03-08 22:00:00', '2024-03-08 22:00:00'),
(315, 3, 103, 7, 5, '2024-03-08 22:00:00', '2024-03-08 22:00:00'),
(316, 3, 103, 14, 5, '2024-03-08 22:00:00', '2024-03-08 22:00:00'),
(317, 3, 103, 5, 4, '2024-03-08 22:00:00', '2024-03-08 22:00:00'),
(318, 8, 104, 2, 2, '2024-03-09 22:00:00', '2024-03-09 22:00:00'),
(319, 8, 104, 1, 2, '2024-03-09 22:00:00', '2024-03-09 22:00:00'),
(320, 8, 104, 30, 2, '2024-03-09 22:00:00', '2024-03-09 22:00:00'),
(321, 8, 105, 24, 4, '2024-03-10 22:00:00', '2024-03-10 22:00:00'),
(322, 8, 105, 10, 2, '2024-03-10 22:00:00', '2024-03-10 22:00:00'),
(323, 10, 106, 19, 5, '2024-03-11 22:00:00', '2024-03-11 22:00:00'),
(324, 10, 106, 26, 3, '2024-03-11 22:00:00', '2024-03-11 22:00:00'),
(325, 10, 106, 5, 2, '2024-03-11 22:00:00', '2024-03-11 22:00:00'),
(326, 5, 107, 9, 2, '2024-03-12 22:00:00', '2024-03-12 22:00:00'),
(327, 10, 108, 20, 2, '2024-03-13 22:00:00', '2024-03-13 22:00:00'),
(328, 10, 108, 30, 1, '2024-03-13 22:00:00', '2024-03-13 22:00:00'),
(329, 10, 108, 28, 2, '2024-03-13 22:00:00', '2024-03-13 22:00:00'),
(330, 10, 108, 4, 2, '2024-03-13 22:00:00', '2024-03-13 22:00:00'),
(331, 3, 109, 23, 3, '2024-03-14 22:00:00', '2024-03-14 22:00:00'),
(332, 3, 109, 15, 1, '2024-03-14 22:00:00', '2024-03-14 22:00:00'),
(333, 3, 109, 30, 1, '2024-03-14 22:00:00', '2024-03-14 22:00:00'),
(334, 3, 109, 6, 1, '2024-03-14 22:00:00', '2024-03-14 22:00:00'),
(335, 1, 110, 3, 4, '2024-03-15 22:00:00', '2024-03-15 22:00:00'),
(336, 1, 110, 28, 4, '2024-03-15 22:00:00', '2024-03-15 22:00:00'),
(337, 1, 110, 24, 4, '2024-03-15 22:00:00', '2024-03-15 22:00:00'),
(338, 1, 111, 23, 1, '2024-03-16 22:00:00', '2024-03-16 22:00:00'),
(339, 1, 111, 10, 3, '2024-03-16 22:00:00', '2024-03-16 22:00:00'),
(340, 3, 112, 3, 5, '2024-03-17 22:00:00', '2024-03-17 22:00:00'),
(341, 3, 112, 16, 5, '2024-03-17 22:00:00', '2024-03-17 22:00:00'),
(342, 3, 112, 16, 3, '2024-03-17 22:00:00', '2024-03-17 22:00:00'),
(343, 3, 112, 25, 1, '2024-03-17 22:00:00', '2024-03-17 22:00:00'),
(344, 8, 113, 16, 2, '2024-03-18 22:00:00', '2024-03-18 22:00:00'),
(345, 8, 113, 26, 3, '2024-03-18 22:00:00', '2024-03-18 22:00:00'),
(346, 8, 113, 29, 3, '2024-03-18 22:00:00', '2024-03-18 22:00:00'),
(347, 8, 113, 9, 1, '2024-03-18 22:00:00', '2024-03-18 22:00:00'),
(348, 9, 114, 1, 2, '2024-03-19 22:00:00', '2024-03-19 22:00:00'),
(349, 9, 114, 9, 5, '2024-03-19 22:00:00', '2024-03-19 22:00:00'),
(350, 9, 114, 10, 2, '2024-03-19 22:00:00', '2024-03-19 22:00:00'),
(351, 9, 114, 28, 4, '2024-03-19 22:00:00', '2024-03-19 22:00:00'),
(352, 1, 115, 9, 3, '2024-03-20 22:00:00', '2024-03-20 22:00:00'),
(353, 1, 115, 27, 2, '2024-03-20 22:00:00', '2024-03-20 22:00:00'),
(354, 1, 115, 21, 5, '2024-03-20 22:00:00', '2024-03-20 22:00:00'),
(355, 5, 116, 7, 5, '2024-03-21 22:00:00', '2024-03-21 22:00:00'),
(356, 5, 116, 26, 5, '2024-03-21 22:00:00', '2024-03-21 22:00:00'),
(357, 5, 116, 5, 4, '2024-03-21 22:00:00', '2024-03-21 22:00:00'),
(358, 5, 116, 19, 5, '2024-03-21 22:00:00', '2024-03-21 22:00:00'),
(359, 6, 117, 25, 4, '2024-03-22 22:00:00', '2024-03-22 22:00:00'),
(360, 6, 117, 28, 4, '2024-03-22 22:00:00', '2024-03-22 22:00:00'),
(361, 6, 117, 29, 2, '2024-03-22 22:00:00', '2024-03-22 22:00:00'),
(362, 7, 118, 7, 2, '2024-03-23 22:00:00', '2024-03-23 22:00:00'),
(363, 7, 118, 11, 5, '2024-03-23 22:00:00', '2024-03-23 22:00:00'),
(364, 7, 118, 23, 5, '2024-03-23 22:00:00', '2024-03-23 22:00:00'),
(365, 6, 119, 1, 5, '2024-03-24 22:00:00', '2024-03-24 22:00:00'),
(366, 6, 119, 4, 2, '2024-03-24 22:00:00', '2024-03-24 22:00:00'),
(367, 6, 119, 21, 2, '2024-03-24 22:00:00', '2024-03-24 22:00:00'),
(368, 6, 119, 16, 2, '2024-03-24 22:00:00', '2024-03-24 22:00:00'),
(369, 6, 119, 28, 2, '2024-03-24 22:00:00', '2024-03-24 22:00:00'),
(370, 9, 120, 28, 5, '2024-03-25 22:00:00', '2024-03-25 22:00:00'),
(371, 9, 120, 17, 3, '2024-03-25 22:00:00', '2024-03-25 22:00:00'),
(372, 8, 121, 1, 1, '2024-03-26 22:00:00', '2024-03-26 22:00:00'),
(373, 6, 122, 27, 2, '2024-03-27 22:00:00', '2024-03-27 22:00:00'),
(374, 6, 122, 15, 3, '2024-03-27 22:00:00', '2024-03-27 22:00:00'),
(375, 6, 122, 2, 4, '2024-03-27 22:00:00', '2024-03-27 22:00:00'),
(376, 6, 122, 24, 4, '2024-03-27 22:00:00', '2024-03-27 22:00:00');

-- --------------------------------------------------------

--
-- Table structure for table `users`
--

CREATE TABLE `users` (
  `id` bigint(20) UNSIGNED NOT NULL,
  `name` varchar(255) COLLATE utf8mb4_unicode_ci NOT NULL,
  `email` varchar(255) COLLATE utf8mb4_unicode_ci NOT NULL,
  `email_verified_at` timestamp NULL DEFAULT NULL,
  `password` varchar(255) COLLATE utf8mb4_unicode_ci DEFAULT NULL,
  `remember_token` varchar(100) COLLATE utf8mb4_unicode_ci DEFAULT NULL,
  `created_at` timestamp NULL DEFAULT NULL,
  `updated_at` timestamp NULL DEFAULT NULL
) ENGINE=InnoDB DEFAULT CHARSET=utf8mb4 COLLATE=utf8mb4_unicode_ci;

--
-- Dumping data for table `users`
--

INSERT INTO `users` (`id`, `name`, `email`, `email_verified_at`, `password`, `remember_token`, `created_at`, `updated_at`) VALUES
(1, 'vendor 1', 'vendor@gmail.com', '2024-03-28 01:32:43', '$2y$10$CKXskIlJBu1L5MAAgfHKvufCu6oCX0h1buFqqGOHQxggUZygyTcOe', NULL, '2024-03-28 01:32:44', '2024-03-28 01:32:44');

-- --------------------------------------------------------

--
-- Table structure for table `user_password_rest`
--

CREATE TABLE `user_password_rest` (
  `id` bigint(20) UNSIGNED NOT NULL,
  `email` varchar(255) COLLATE utf8mb4_unicode_ci NOT NULL,
  `token` longtext COLLATE utf8mb4_unicode_ci NOT NULL,
  `created_at` timestamp NULL DEFAULT NULL,
  `updated_at` timestamp NULL DEFAULT NULL
) ENGINE=InnoDB DEFAULT CHARSET=utf8mb4 COLLATE=utf8mb4_unicode_ci;

--
-- Indexes for dumped tables
--

--
-- Indexes for table `admins`
--
ALTER TABLE `admins`
  ADD PRIMARY KEY (`id`),
  ADD UNIQUE KEY `admins_email_unique` (`email`),
  ADD UNIQUE KEY `admins_phone_unique` (`phone`);

--
-- Indexes for table `categories`
--
ALTER TABLE `categories`
  ADD PRIMARY KEY (`id`);

--
-- Indexes for table `customers`
--
ALTER TABLE `customers`
  ADD PRIMARY KEY (`id`),
  ADD UNIQUE KEY `customers_email_unique` (`email`);

--
-- Indexes for table `failed_jobs`
--
ALTER TABLE `failed_jobs`
  ADD PRIMARY KEY (`id`),
  ADD UNIQUE KEY `failed_jobs_uuid_unique` (`uuid`);

--
-- Indexes for table `migrations`
--
ALTER TABLE `migrations`
  ADD PRIMARY KEY (`id`);

--
-- Indexes for table `orders`
--
ALTER TABLE `orders`
  ADD PRIMARY KEY (`id`),
  ADD KEY `orders_user_id_foreign` (`user_id`),
  ADD KEY `orders_customer_id_foreign` (`customer_id`);

--
-- Indexes for table `order_items`
--
ALTER TABLE `order_items`
  ADD PRIMARY KEY (`id`),
  ADD KEY `order_items_order_id_foreign` (`order_id`),
  ADD KEY `order_items_product_id_foreign` (`product_id`);

--
-- Indexes for table `password_resets`
--
ALTER TABLE `password_resets`
  ADD PRIMARY KEY (`id`),
  ADD KEY `password_resets_email_index` (`email`);

--
-- Indexes for table `personal_access_tokens`
--
ALTER TABLE `personal_access_tokens`
  ADD PRIMARY KEY (`id`),
  ADD UNIQUE KEY `personal_access_tokens_token_unique` (`token`),
  ADD KEY `personal_access_tokens_tokenable_type_tokenable_id_index` (`tokenable_type`,`tokenable_id`);

--
-- Indexes for table `products`
--
ALTER TABLE `products`
  ADD PRIMARY KEY (`id`),
  ADD KEY `products_user_id_foreign` (`user_id`),
  ADD KEY `products_category_id_foreign` (`category_id`);

--
-- Indexes for table `purchases`
--
ALTER TABLE `purchases`
  ADD PRIMARY KEY (`id`),
  ADD KEY `purchases_customer_id_foreign` (`customer_id`),
  ADD KEY `purchases_order_id_foreign` (`order_id`);

--
-- Indexes for table `ratings`
--
ALTER TABLE `ratings`
  ADD PRIMARY KEY (`id`),
  ADD KEY `ratings_customer_id_foreign` (`customer_id`),
  ADD KEY `ratings_order_id_foreign` (`order_id`),
  ADD KEY `ratings_product_id_foreign` (`product_id`);

--
-- Indexes for table `users`
--
ALTER TABLE `users`
  ADD PRIMARY KEY (`id`),
  ADD UNIQUE KEY `users_email_unique` (`email`);

--
-- Indexes for table `user_password_rest`
--
ALTER TABLE `user_password_rest`
  ADD PRIMARY KEY (`id`);

--
-- AUTO_INCREMENT for dumped tables
--

--
-- AUTO_INCREMENT for table `admins`
--
ALTER TABLE `admins`
  MODIFY `id` bigint(20) UNSIGNED NOT NULL AUTO_INCREMENT;

--
-- AUTO_INCREMENT for table `categories`
--
ALTER TABLE `categories`
  MODIFY `id` bigint(20) UNSIGNED NOT NULL AUTO_INCREMENT, AUTO_INCREMENT=2;

--
-- AUTO_INCREMENT for table `customers`
--
ALTER TABLE `customers`
  MODIFY `id` bigint(20) UNSIGNED NOT NULL AUTO_INCREMENT, AUTO_INCREMENT=11;

--
-- AUTO_INCREMENT for table `failed_jobs`
--
ALTER TABLE `failed_jobs`
  MODIFY `id` bigint(20) UNSIGNED NOT NULL AUTO_INCREMENT;

--
-- AUTO_INCREMENT for table `migrations`
--
ALTER TABLE `migrations`
  MODIFY `id` int(10) UNSIGNED NOT NULL AUTO_INCREMENT, AUTO_INCREMENT=14;

--
-- AUTO_INCREMENT for table `orders`
--
ALTER TABLE `orders`
  MODIFY `id` bigint(20) UNSIGNED NOT NULL AUTO_INCREMENT, AUTO_INCREMENT=123;

--
-- AUTO_INCREMENT for table `order_items`
--
ALTER TABLE `order_items`
  MODIFY `id` bigint(20) UNSIGNED NOT NULL AUTO_INCREMENT, AUTO_INCREMENT=377;

--
-- AUTO_INCREMENT for table `password_resets`
--
ALTER TABLE `password_resets`
  MODIFY `id` bigint(20) UNSIGNED NOT NULL AUTO_INCREMENT;

--
-- AUTO_INCREMENT for table `personal_access_tokens`
--
ALTER TABLE `personal_access_tokens`
  MODIFY `id` bigint(20) UNSIGNED NOT NULL AUTO_INCREMENT;

--
-- AUTO_INCREMENT for table `products`
--
ALTER TABLE `products`
  MODIFY `id` bigint(20) UNSIGNED NOT NULL AUTO_INCREMENT, AUTO_INCREMENT=31;

--
-- AUTO_INCREMENT for table `purchases`
--
ALTER TABLE `purchases`
  MODIFY `id` bigint(20) UNSIGNED NOT NULL AUTO_INCREMENT, AUTO_INCREMENT=123;

--
-- AUTO_INCREMENT for table `ratings`
--
ALTER TABLE `ratings`
  MODIFY `id` bigint(20) UNSIGNED NOT NULL AUTO_INCREMENT, AUTO_INCREMENT=377;

--
-- AUTO_INCREMENT for table `users`
--
ALTER TABLE `users`
  MODIFY `id` bigint(20) UNSIGNED NOT NULL AUTO_INCREMENT, AUTO_INCREMENT=2;

--
-- AUTO_INCREMENT for table `user_password_rest`
--
ALTER TABLE `user_password_rest`
  MODIFY `id` bigint(20) UNSIGNED NOT NULL AUTO_INCREMENT;

--
-- Constraints for dumped tables
--

--
-- Constraints for table `orders`
--
ALTER TABLE `orders`
  ADD CONSTRAINT `orders_customer_id_foreign` FOREIGN KEY (`customer_id`) REFERENCES `customers` (`id`) ON DELETE CASCADE,
  ADD CONSTRAINT `orders_user_id_foreign` FOREIGN KEY (`user_id`) REFERENCES `users` (`id`) ON DELETE CASCADE;

--
-- Constraints for table `order_items`
--
ALTER TABLE `order_items`
  ADD CONSTRAINT `order_items_order_id_foreign` FOREIGN KEY (`order_id`) REFERENCES `orders` (`id`) ON DELETE CASCADE,
  ADD CONSTRAINT `order_items_product_id_foreign` FOREIGN KEY (`product_id`) REFERENCES `products` (`id`) ON DELETE CASCADE;

--
-- Constraints for table `products`
--
ALTER TABLE `products`
  ADD CONSTRAINT `products_category_id_foreign` FOREIGN KEY (`category_id`) REFERENCES `categories` (`id`) ON DELETE CASCADE,
  ADD CONSTRAINT `products_user_id_foreign` FOREIGN KEY (`user_id`) REFERENCES `users` (`id`) ON DELETE CASCADE;

--
-- Constraints for table `purchases`
--
ALTER TABLE `purchases`
  ADD CONSTRAINT `purchases_customer_id_foreign` FOREIGN KEY (`customer_id`) REFERENCES `customers` (`id`) ON DELETE CASCADE,
  ADD CONSTRAINT `purchases_order_id_foreign` FOREIGN KEY (`order_id`) REFERENCES `orders` (`id`) ON DELETE CASCADE;

--
-- Constraints for table `ratings`
--
ALTER TABLE `ratings`
  ADD CONSTRAINT `ratings_customer_id_foreign` FOREIGN KEY (`customer_id`) REFERENCES `customers` (`id`) ON DELETE CASCADE,
  ADD CONSTRAINT `ratings_order_id_foreign` FOREIGN KEY (`order_id`) REFERENCES `orders` (`id`) ON DELETE CASCADE,
  ADD CONSTRAINT `ratings_product_id_foreign` FOREIGN KEY (`product_id`) REFERENCES `products` (`id`) ON DELETE CASCADE;
COMMIT;

/*!40101 SET CHARACTER_SET_CLIENT=@OLD_CHARACTER_SET_CLIENT */;
/*!40101 SET CHARACTER_SET_RESULTS=@OLD_CHARACTER_SET_RESULTS */;
/*!40101 SET COLLATION_CONNECTION=@OLD_COLLATION_CONNECTION */;
